,Unnamed: 0,Year,Country,Country Code,Data categories,Indicator coverage and disaggregation,Data available last 5 years,Data available last 10 years,First administrative level,Second administrative level,Coverage subscore,Machine readable,Non-proprietary,Download options,Metadata available,Terms of use,Openness subscore,Overall score
0,0,2020,Cyprus,CYP,Population & vital statistics,100.0,100.0,100.0,0,0,60.0,100.0,100.0,50.0,50.0,100.0,80.0,70.0
1,1,2020,Cyprus,CYP,Education facilities,50.0,50.0,50.0,0,0,30.0,100.0,100.0,50.0,50.0,100.0,80.0,55.0
2,2,2020,Cyprus,CYP,Education outcomes,50.0,50.0,50.0,0,0,30.0,100.0,100.0,50.0,50.0,100.0,80.0,55.0
3,3,2020,Cyprus,CYP,Health facilities,50.0,50.0,50.0,0,0,30.0,100.0,100.0,50.0,50.0,100.0,80.0,55.0
4,4,2020,Cyprus,CYP,Health outcomes,50.0,0.0,0.0,50,0,20.0,0.0,100.0,50.0,50.0,100.0,60.0,40.0
5,5,2020,Cyprus,CYP,Reproductive health,50.0,50.0,50.0,0,0,30.0,50.0,100.0,50.0,50.0,100.0,70.0,50.0
6,6,2020,Cyprus,CYP,Food security & nutrition,50.0,0.0,0.0,0,0,12.5,0.0,100.0,50.0,50.0,100.0,60.0,38.9
7,7,2020,Cyprus,CYP,Gender statistics,100.0,50.0,50.0,0,0,40.0,50.0,50.0,50.0,50.0,100.0,60.0,50.0
8,8,2020,Cyprus,CYP,Crime & justice,100.0,50.0,50.0,0,0,40.0,100.0,50.0,50.0,50.0,100.0,70.0,55.0
9,9,2020,Cyprus,CYP,Poverty & income,100.0,100.0,100.0,0,0,60.0,100.0,0.0,50.0,50.0,100.0,60.0,60.0
10,10,2020,Cyprus,CYP,Social statistics subscore,70.0,50.0,50.0,5,0,35.7,70.0,80.0,50.0,50.0,100.0,70.0,53.0
11,11,2020,Cyprus,CYP,National accounts,50.0,50.0,50.0,0,0,37.5,100.0,0.0,50.0,50.0,100.0,60.0,50.0
12,12,2020,Cyprus,CYP,Labor,100.0,100.0,100.0,0,0,60.0,100.0,50.0,50.0,50.0,100.0,70.0,65.0
13,13,2020,Cyprus,CYP,Price indexes,50.0,50.0,50.0,0,0,37.5,100.0,50.0,50.0,50.0,100.0,70.0,55.6
14,14,2020,Cyprus,CYP,Government finance,100.0,100.0,100.0,0,0,75.0,100.0,100.0,50.0,50.0,100.0,80.0,77.8
15,15,2020,Cyprus,CYP,Money & banking,100.0,100.0,100.0,0,0,100.0,100.0,100.0,50.0,50.0,100.0,80.0,87.5
16,16,2020,Cyprus,CYP,International trade,50.0,50.0,50.0,0,0,50.0,100.0,100.0,50.0,50.0,100.0,80.0,68.8
17,17,2020,Cyprus,CYP,Balance of payments,100.0,100.0,100.0,0,0,100.0,100.0,100.0,50.0,50.0,100.0,80.0,87.5
18,18,2020,Cyprus,CYP,Economic & financial statistics subscore,78.6,78.6,78.6,0,0,63.5,100.0,71.4,50.0,50.0,100.0,74.3,69.7
19,19,2020,Cyprus,CYP,Agriculture & Land Use,50.0,50.0,50.0,0,0,30.0,100.0,100.0,50.0,50.0,100.0,80.0,55.0
20,20,2020,Cyprus,CYP,Resource use,100.0,50.0,100.0,0,0,62.5,100.0,100.0,50.0,50.0,100.0,80.0,72.2
21,21,2020,Cyprus,CYP,Energy,50.0,50.0,50.0,0,0,50.0,100.0,100.0,50.0,50.0,100.0,80.0,68.8
22,22,2020,Cyprus,CYP,Pollution,100.0,100.0,100.0,0,0,75.0,100.0,100.0,50.0,50.0,100.0,80.0,77.8
23,23,2020,Cyprus,CYP,Built environment,100.0,0.0,0.0,100,0,40.0,100.0,0.0,50.0,100.0,100.0,70.0,55.0
24,24,2020,Cyprus,CYP,Environment subscore,80.0,50.0,60.0,25,0,50.0,100.0,80.0,50.0,60.0,100.0,78.0,65.2
25,25,2020,Cyprus,CYP,All Categories,76.2,59.5,62.9,10.5,0,48.4,90.0,77.1,50.0,53.3,100.0,74.1,62.3
26,26,2020,Bulgaria,BGR,Population & vital statistics,100.0,100.0,100.0,100,100,100.0,100.0,100.0,100.0,100.0,50.0,90.0,95.0
27,27,2020,Bulgaria,BGR,Education facilities,50.0,50.0,50.0,0,0,30.0,100.0,100.0,50.0,100.0,50.0,80.0,55.0
28,28,2020,Bulgaria,BGR,Education outcomes,50.0,50.0,50.0,50,50,50.0,100.0,100.0,50.0,100.0,50.0,80.0,65.0
29,29,2020,Bulgaria,BGR,Health facilities,100.0,100.0,100.0,50,50,80.0,100.0,100.0,50.0,100.0,50.0,80.0,80.0
30,30,2020,Bulgaria,BGR,Health outcomes,0.0,0.0,0.0,0,0,0.0,0.0,0.0,0.0,0.0,0.0,0.0,0.0
31,31,2020,Bulgaria,BGR,Reproductive health,50.0,50.0,50.0,50,50,50.0,50.0,100.0,100.0,100.0,50.0,80.0,65.0
32,32,2020,Bulgaria,BGR,Food security & nutrition,50.0,0.0,0.0,0,0,12.5,100.0,100.0,100.0,100.0,50.0,90.0,55.6
33,33,2020,Bulgaria,BGR,Gender statistics,50.0,50.0,50.0,50,0,40.0,100.0,100.0,100.0,100.0,50.0,90.0,65.0
34,34,2020,Bulgaria,BGR,Crime & justice,50.0,50.0,50.0,50,0,40.0,100.0,50.0,50.0,50.0,50.0,60.0,50.0
35,35,2020,Bulgaria,BGR,Poverty & income,100.0,100.0,100.0,100,100,100.0,100.0,100.0,100.0,100.0,50.0,90.0,95.0
36,36,2020,Bulgaria,BGR,Social statistics subscore,60.0,55.0,55.0,45,38.9,51.0,85.0,85.0,70.0,85.0,45.0,74.0,62.6
37,37,2020,Bulgaria,BGR,National accounts,100.0,100.0,100.0,0,0,75.0,100.0,100.0,100.0,100.0,50.0,90.0,83.3
38,38,2020,Bulgaria,BGR,Labor,100.0,100.0,100.0,50,50,80.0,100.0,100.0,100.0,100.0,50.0,90.0,85.0
39,39,2020,Bulgaria,BGR,Price indexes,100.0,100.0,100.0,0,0,75.0,100.0,100.0,50.0,100.0,50.0,80.0,77.8
40,40,2020,Bulgaria,BGR,Government finance,100.0,100.0,100.0,0,0,75.0,100.0,100.0,100.0,100.0,50.0,90.0,83.3
41,41,2020,Bulgaria,BGR,Money & banking,100.0,100.0,100.0,0,0,100.0,100.0,50.0,50.0,50.0,50.0,60.0,75.0
42,42,2020,Bulgaria,BGR,International trade,100.0,100.0,100.0,0,0,100.0,100.0,50.0,50.0,50.0,50.0,60.0,75.0
43,43,2020,Bulgaria,BGR,Balance of payments,100.0,100.0,100.0,0,0,100.0,100.0,50.0,50.0,50.0,50.0,60.0,75.0
44,44,2020,Bulgaria,BGR,Economic & financial statistics subscore,100.0,100.0,100.0,12.5,50,84.6,100.0,78.6,71.4,78.6,50.0,75.7,79.5
45,45,2020,Bulgaria,BGR,Agriculture & Land Use,50.0,50.0,50.0,0,0,30.0,50.0,50.0,50.0,50.0,50.0,50.0,40.0
46,46,2020,Bulgaria,BGR,Resource use,100.0,100.0,100.0,0,0,75.0,50.0,50.0,50.0,50.0,50.0,50.0,61.1
47,47,2020,Bulgaria,BGR,Energy,100.0,100.0,100.0,0,0,100.0,100.0,100.0,100.0,100.0,50.0,90.0,93.8
48,48,2020,Bulgaria,BGR,Pollution,100.0,100.0,100.0,0,0,75.0,100.0,100.0,100.0,50.0,50.0,80.0,77.8
49,49,2020,Bulgaria,BGR,Built environment,100.0,100.0,100.0,50,0,70.0,100.0,100.0,100.0,50.0,50.0,80.0,75.0
50,50,2020,Bulgaria,BGR,Environment subscore,90.0,90.0,90.0,12.5,0,66.7,80.0,80.0,80.0,60.0,50.0,70.0,68.5
51,51,2020,Bulgaria,BGR,All Categories,83.3,81.7,81.7,26.2,29.2,65.9,88.3,81.2,73.8,74.5,48.3,73.2,69.9
52,52,2020,Czech Republic,CZE,Population & vital statistics,100.0,100.0,100.0,100,100,100.0,100.0,100.0,50.0,50.0,50.0,70.0,85.0
53,53,2020,Czech Republic,CZE,Education facilities,100.0,50.0,50.0,50,0,50.0,50.0,100.0,50.0,50.0,50.0,60.0,55.0
54,54,2020,Czech Republic,CZE,Education outcomes,50.0,50.0,50.0,50,0,40.0,100.0,100.0,0.0,100.0,50.0,70.0,55.0
55,55,2020,Czech Republic,CZE,Health facilities,100.0,50.0,100.0,50,0,60.0,100.0,100.0,50.0,50.0,50.0,70.0,65.0
56,56,2020,Czech Republic,CZE,Health outcomes,50.0,50.0,50.0,50,50,50.0,0.0,100.0,0.0,50.0,50.0,40.0,45.0
57,57,2020,Czech Republic,CZE,Reproductive health,100.0,50.0,100.0,50,0,60.0,50.0,100.0,50.0,50.0,50.0,60.0,60.0
58,58,2020,Czech Republic,CZE,Food security & nutrition,50.0,0.0,0.0,0,0,12.5,100.0,100.0,50.0,50.0,50.0,70.0,44.4
59,59,2020,Czech Republic,CZE,Gender statistics,50.0,50.0,50.0,50,50,50.0,100.0,100.0,0.0,50.0,50.0,60.0,55.0
60,60,2020,Czech Republic,CZE,Crime & justice,100.0,100.0,100.0,50,0,70.0,100.0,100.0,0.0,50.0,50.0,60.0,65.0
61,61,2020,Czech Republic,CZE,Poverty & income,100.0,100.0,100.0,0,0,60.0,100.0,50.0,0.0,100.0,50.0,60.0,60.0
62,62,2020,Czech Republic,CZE,Social statistics subscore,80.0,60.0,70.0,45,22.2,56.1,80.0,95.0,25.0,60.0,50.0,62.0,59.1
63,63,2020,Czech Republic,CZE,National accounts,100.0,100.0,100.0,50,0,87.5,100.0,100.0,50.0,50.0,50.0,70.0,77.8
64,64,2020,Czech Republic,CZE,Labor,100.0,100.0,100.0,100,0,80.0,100.0,100.0,50.0,50.0,50.0,70.0,75.0
65,65,2020,Czech Republic,CZE,Price indexes,100.0,100.0,100.0,0,0,75.0,100.0,100.0,50.0,50.0,50.0,70.0,72.2
66,66,2020,Czech Republic,CZE,Government finance,100.0,100.0,100.0,100,0,100.0,100.0,100.0,50.0,50.0,50.0,70.0,83.3
67,67,2020,Czech Republic,CZE,Money & banking,100.0,100.0,100.0,0,0,100.0,100.0,100.0,100.0,50.0,50.0,80.0,87.5
68,68,2020,Czech Republic,CZE,International trade,100.0,100.0,100.0,0,0,100.0,100.0,100.0,100.0,50.0,50.0,80.0,87.5
69,69,2020,Czech Republic,CZE,Balance of payments,100.0,100.0,100.0,0,0,100.0,100.0,100.0,100.0,50.0,50.0,80.0,87.5
70,70,2020,Czech Republic,CZE,Economic & financial statistics subscore,100.0,100.0,100.0,62.5,0,90.4,100.0,100.0,71.4,50.0,50.0,74.3,81.1
71,71,2020,Czech Republic,CZE,Agriculture & Land Use,100.0,100.0,100.0,50,50,80.0,100.0,100.0,50.0,50.0,50.0,70.0,75.0
72,72,2020,Czech Republic,CZE,Resource use,100.0,100.0,100.0,50,0,87.5,100.0,100.0,50.0,50.0,50.0,70.0,77.8
73,73,2020,Czech Republic,CZE,Energy,100.0,0.0,50.0,0,0,50.0,100.0,100.0,0.0,100.0,50.0,70.0,62.5
74,74,2020,Czech Republic,CZE,Pollution,100.0,100.0,100.0,50,0,87.5,100.0,100.0,50.0,50.0,50.0,70.0,77.8
75,75,2020,Czech Republic,CZE,Built environment,100.0,50.0,50.0,50,0,50.0,100.0,100.0,50.0,50.0,50.0,70.0,60.0
76,76,2020,Czech Republic,CZE,Environment subscore,100.0,70.0,80.0,50,25,71.4,100.0,100.0,40.0,60.0,50.0,70.0,70.7
77,77,2020,Czech Republic,CZE,All Categories,93.3,76.7,83.3,50.9,20.8,71.1,93.3,98.3,45.5,56.7,50.0,68.8,69.8
78,78,2020,Hungary,HUN,Population & vital statistics,100.0,100.0,100.0,100,100,100.0,100.0,100.0,100.0,100.0,0.0,80.0,90.0
79,79,2020,Hungary,HUN,Education facilities,50.0,50.0,50.0,50,50,50.0,100.0,100.0,50.0,100.0,0.0,70.0,60.0
80,80,2020,Hungary,HUN,Education outcomes,50.0,50.0,50.0,50,50,50.0,100.0,100.0,50.0,100.0,0.0,70.0,60.0
81,81,2020,Hungary,HUN,Health facilities,100.0,100.0,100.0,50,50,80.0,100.0,100.0,50.0,100.0,0.0,70.0,75.0
82,82,2020,Hungary,HUN,Health outcomes,50.0,50.0,50.0,50,50,50.0,100.0,100.0,50.0,100.0,0.0,70.0,60.0
83,83,2020,Hungary,HUN,Reproductive health,50.0,50.0,50.0,0,0,30.0,100.0,50.0,50.0,50.0,0.0,50.0,40.0
84,84,2020,Hungary,HUN,Food security & nutrition,100.0,50.0,50.0,0,0,50.0,50.0,100.0,50.0,0.0,0.0,40.0,44.4
85,85,2020,Hungary,HUN,Gender statistics,50.0,50.0,50.0,0,0,30.0,100.0,100.0,50.0,0.0,0.0,50.0,40.0
86,86,2020,Hungary,HUN,Crime & justice,50.0,50.0,50.0,50,50,50.0,100.0,100.0,50.0,100.0,0.0,70.0,60.0
87,87,2020,Hungary,HUN,Poverty & income,100.0,100.0,100.0,100,0,80.0,100.0,100.0,50.0,100.0,0.0,70.0,75.0
88,88,2020,Hungary,HUN,Social statistics subscore,70.0,65.0,65.0,45,38.9,57.1,95.0,95.0,55.0,75.0,0.0,64.0,60.6
89,89,2020,Hungary,HUN,National accounts,50.0,50.0,50.0,50,0,50.0,100.0,100.0,100.0,100.0,0.0,80.0,66.7
90,90,2020,Hungary,HUN,Labor,100.0,100.0,100.0,50,50,80.0,100.0,100.0,50.0,100.0,0.0,70.0,75.0
91,91,2020,Hungary,HUN,Price indexes,50.0,50.0,50.0,0,0,37.5,100.0,100.0,100.0,100.0,0.0,80.0,61.1
92,92,2020,Hungary,HUN,Government finance,100.0,100.0,100.0,0,0,75.0,100.0,100.0,50.0,100.0,0.0,70.0,72.2
93,93,2020,Hungary,HUN,Money & banking,100.0,100.0,100.0,0,0,100.0,100.0,0.0,50.0,50.0,50.0,50.0,68.8
94,94,2020,Hungary,HUN,International trade,100.0,100.0,100.0,0,0,100.0,100.0,100.0,100.0,100.0,0.0,80.0,87.5
95,95,2020,Hungary,HUN,Balance of payments,100.0,100.0,100.0,0,0,100.0,100.0,100.0,50.0,100.0,0.0,70.0,81.3
96,96,2020,Hungary,HUN,Economic & financial statistics subscore,85.7,85.7,85.7,25,50,75.0,100.0,85.7,71.4,92.9,7.1,71.4,73.0
97,97,2020,Hungary,HUN,Agriculture & Land Use,100.0,100.0,100.0,50,50,80.0,100.0,100.0,50.0,100.0,0.0,70.0,75.0
98,98,2020,Hungary,HUN,Resource use,50.0,50.0,50.0,0,0,37.5,100.0,100.0,50.0,100.0,0.0,70.0,55.6
99,99,2020,Hungary,HUN,Energy,50.0,50.0,50.0,0,0,50.0,100.0,100.0,50.0,100.0,0.0,70.0,62.5
100,100,2020,Hungary,HUN,Pollution,100.0,100.0,100.0,0,0,75.0,100.0,100.0,100.0,100.0,0.0,80.0,77.8
101,101,2020,Hungary,HUN,Built environment,100.0,50.0,50.0,50,0,50.0,50.0,50.0,50.0,50.0,0.0,40.0,45.0
102,102,2020,Hungary,HUN,Environment subscore,80.0,70.0,70.0,25,25,59.5,90.0,90.0,60.0,90.0,0.0,66.0,63.0
103,103,2020,Hungary,HUN,All Categories,78.6,73.6,73.6,33.4,36.1,63.1,95.0,90.2,62.1,86.0,2.4,67.1,65.3
104,104,2020,Poland,POL,Population & vital statistics,100.0,100.0,100.0,100,100,100.0,100.0,100.0,100.0,100.0,100.0,100.0,100.0
105,105,2020,Poland,POL,Education facilities,100.0,100.0,100.0,100,100,100.0,100.0,100.0,50.0,50.0,100.0,80.0,90.0
106,106,2020,Poland,POL,Education outcomes,100.0,100.0,100.0,50,50,80.0,100.0,100.0,50.0,50.0,100.0,80.0,80.0
107,107,2020,Poland,POL,Health facilities,100.0,100.0,100.0,100,50,90.0,100.0,100.0,50.0,50.0,100.0,80.0,85.0
108,108,2020,Poland,POL,Health outcomes,50.0,50.0,50.0,0,0,30.0,100.0,100.0,50.0,100.0,100.0,90.0,60.0
109,109,2020,Poland,POL,Reproductive health,100.0,100.0,100.0,50,0,70.0,100.0,100.0,50.0,100.0,100.0,90.0,80.0
110,110,2020,Poland,POL,Food security & nutrition,100.0,50.0,50.0,0,0,50.0,100.0,100.0,50.0,50.0,100.0,80.0,66.7
111,111,2020,Poland,POL,Gender statistics,100.0,100.0,100.0,0,0,60.0,100.0,100.0,50.0,100.0,100.0,90.0,75.0
112,112,2020,Poland,POL,Crime & justice,100.0,100.0,50.0,0,0,50.0,100.0,100.0,50.0,100.0,100.0,90.0,70.0
113,113,2020,Poland,POL,Poverty & income,100.0,100.0,100.0,50,0,70.0,100.0,100.0,50.0,50.0,100.0,80.0,75.0
114,114,2020,Poland,POL,Social statistics subscore,95.0,90.0,85.0,45,33.3,70.4,100.0,100.0,55.0,75.0,100.0,86.0,78.3
115,115,2020,Poland,POL,National accounts,100.0,100.0,100.0,0,0,75.0,100.0,100.0,100.0,100.0,100.0,100.0,88.9
116,116,2020,Poland,POL,Labor,100.0,100.0,100.0,100,0,80.0,100.0,100.0,100.0,50.0,100.0,90.0,85.0
117,117,2020,Poland,POL,Price indexes,100.0,100.0,100.0,50,0,87.5,100.0,100.0,100.0,50.0,100.0,90.0,88.9
118,118,2020,Poland,POL,Government finance,100.0,100.0,100.0,100,0,100.0,100.0,100.0,100.0,50.0,100.0,90.0,94.4
119,119,2020,Poland,POL,Money & banking,100.0,100.0,100.0,0,0,100.0,100.0,100.0,100.0,100.0,100.0,100.0,100.0
120,120,2020,Poland,POL,International trade,100.0,100.0,100.0,0,0,100.0,100.0,100.0,50.0,100.0,100.0,90.0,93.8
121,121,2020,Poland,POL,Balance of payments,100.0,100.0,100.0,0,0,100.0,100.0,100.0,100.0,100.0,100.0,100.0,100.0
122,122,2020,Poland,POL,Economic & financial statistics subscore,100.0,100.0,100.0,62.5,0,90.4,100.0,100.0,92.9,78.6,100.0,94.3,92.6
123,123,2020,Poland,POL,Agriculture & Land Use,100.0,100.0,100.0,100,50,90.0,100.0,100.0,50.0,50.0,100.0,80.0,85.0
124,124,2020,Poland,POL,Resource use,100.0,100.0,100.0,50,0,87.5,100.0,100.0,50.0,50.0,100.0,80.0,83.3
125,125,2020,Poland,POL,Energy,100.0,100.0,100.0,0,0,100.0,100.0,100.0,50.0,100.0,100.0,90.0,93.8
126,126,2020,Poland,POL,Pollution,100.0,100.0,100.0,100,0,100.0,100.0,100.0,100.0,50.0,100.0,90.0,94.4
127,127,2020,Poland,POL,Built environment,100.0,50.0,50.0,50,50,60.0,100.0,100.0,100.0,50.0,100.0,90.0,75.0
128,128,2020,Poland,POL,Environment subscore,100.0,90.0,90.0,75,50,85.7,100.0,100.0,70.0,60.0,100.0,86.0,85.9
129,129,2020,Poland,POL,All Categories,98.3,93.3,91.7,59.3,34.7,81.2,100.0,100.0,72.6,71.2,100.0,88.8,85.3
130,130,2020,Romania,ROU,Population & vital statistics,100.0,100.0,100.0,100,50,90.0,100.0,100.0,100.0,100.0,50.0,90.0,90.0
131,131,2020,Romania,ROU,Education facilities,50.0,50.0,50.0,50,0,40.0,100.0,100.0,100.0,100.0,50.0,90.0,65.0
132,132,2020,Romania,ROU,Education outcomes,100.0,100.0,100.0,100,0,80.0,100.0,100.0,100.0,100.0,50.0,90.0,85.0
133,133,2020,Romania,ROU,Health facilities,50.0,50.0,50.0,50,0,40.0,100.0,100.0,100.0,100.0,50.0,90.0,65.0
134,134,2020,Romania,ROU,Health outcomes,50.0,50.0,50.0,0,0,30.0,100.0,100.0,50.0,50.0,50.0,70.0,50.0
135,135,2020,Romania,ROU,Reproductive health,50.0,50.0,50.0,50,0,40.0,100.0,100.0,100.0,100.0,50.0,90.0,65.0
136,136,2020,Romania,ROU,Food security & nutrition,0.0,0.0,0.0,0,0,0.0,0.0,0.0,0.0,0.0,0.0,0.0,0.0
137,137,2020,Romania,ROU,Gender statistics,50.0,50.0,50.0,0,0,30.0,100.0,100.0,100.0,100.0,50.0,90.0,60.0
138,138,2020,Romania,ROU,Crime & justice,0.0,0.0,0.0,0,0,0.0,0.0,0.0,0.0,0.0,0.0,0.0,0.0
139,139,2020,Romania,ROU,Poverty & income,100.0,100.0,100.0,50,0,70.0,100.0,100.0,50.0,50.0,50.0,70.0,70.0
140,140,2020,Romania,ROU,Social statistics subscore,55.0,55.0,55.0,40,5.6,42.9,80.0,80.0,70.0,70.0,40.0,68.0,55.6
141,141,2020,Romania,ROU,National accounts,100.0,100.0,100.0,50,0,87.5,100.0,100.0,100.0,100.0,50.0,90.0,88.9
142,142,2020,Romania,ROU,Labor,100.0,100.0,100.0,100,0,80.0,100.0,100.0,100.0,100.0,50.0,90.0,85.0
143,143,2020,Romania,ROU,Price indexes,100.0,100.0,100.0,0,0,75.0,100.0,100.0,100.0,100.0,50.0,90.0,83.3
144,144,2020,Romania,ROU,Government finance,100.0,100.0,100.0,0,0,75.0,100.0,100.0,100.0,50.0,50.0,80.0,77.8
145,145,2020,Romania,ROU,Money & banking,100.0,100.0,100.0,0,0,100.0,100.0,100.0,100.0,50.0,50.0,80.0,87.5
146,146,2020,Romania,ROU,International trade,100.0,100.0,100.0,0,0,100.0,100.0,100.0,100.0,100.0,50.0,90.0,93.8
147,147,2020,Romania,ROU,Balance of payments,100.0,100.0,100.0,0,0,100.0,100.0,100.0,100.0,50.0,50.0,80.0,87.5
148,148,2020,Romania,ROU,Economic & financial statistics subscore,100.0,100.0,100.0,37.5,0,86.5,100.0,100.0,100.0,78.6,50.0,85.7,86.1
149,149,2020,Romania,ROU,Agriculture & Land Use,100.0,50.0,50.0,50,0,50.0,100.0,100.0,50.0,100.0,50.0,80.0,65.0
150,150,2020,Romania,ROU,Resource use,100.0,100.0,100.0,50,0,87.5,100.0,100.0,50.0,50.0,50.0,70.0,77.8
151,151,2020,Romania,ROU,Energy,50.0,50.0,50.0,0,0,50.0,100.0,100.0,100.0,100.0,50.0,90.0,75.0
152,152,2020,Romania,ROU,Pollution,100.0,100.0,100.0,0,0,75.0,100.0,100.0,100.0,100.0,50.0,90.0,83.3
153,153,2020,Romania,ROU,Built environment,0.0,0.0,0.0,0,0,0.0,0.0,0.0,0.0,0.0,0.0,0.0,0.0
154,154,2020,Romania,ROU,Environment subscore,70.0,60.0,60.0,25,0,50.0,80.0,80.0,60.0,70.0,40.0,66.0,58.7
155,155,2020,Romania,ROU,All Categories,75.0,71.7,71.7,34.3,3.5,57.9,86.7,86.7,76.7,72.9,43.3,73.2,66.2
156,156,2020,Slovakia,SVK,Population & vital statistics,100.0,100.0,100.0,100,100,100.0,100.0,100.0,100.0,50.0,50.0,80.0,90.0
157,157,2020,Slovakia,SVK,Education facilities,50.0,50.0,50.0,50,50,50.0,100.0,100.0,50.0,50.0,100.0,80.0,65.0
158,158,2020,Slovakia,SVK,Education outcomes,50.0,50.0,50.0,50,0,40.0,100.0,100.0,50.0,50.0,100.0,80.0,60.0
159,159,2020,Slovakia,SVK,Health facilities,100.0,50.0,50.0,50,50,60.0,100.0,100.0,100.0,50.0,100.0,90.0,75.0
160,160,2020,Slovakia,SVK,Health outcomes,50.0,50.0,50.0,0,0,30.0,100.0,100.0,100.0,50.0,100.0,90.0,60.0
161,161,2020,Slovakia,SVK,Reproductive health,100.0,100.0,100.0,50,0,70.0,100.0,100.0,100.0,50.0,100.0,90.0,80.0
162,162,2020,Slovakia,SVK,Food security & nutrition,50.0,0.0,0.0,0,0,12.5,100.0,100.0,100.0,50.0,100.0,90.0,55.6
163,163,2020,Slovakia,SVK,Gender statistics,100.0,50.0,50.0,50,50,60.0,100.0,100.0,100.0,50.0,100.0,90.0,75.0
164,164,2020,Slovakia,SVK,Crime & justice,100.0,100.0,100.0,50,0,70.0,100.0,100.0,100.0,50.0,100.0,90.0,80.0
165,165,2020,Slovakia,SVK,Poverty & income,100.0,100.0,100.0,0,0,60.0,100.0,100.0,100.0,100.0,100.0,100.0,80.0
166,166,2020,Slovakia,SVK,Social statistics subscore,80.0,65.0,65.0,40,27.8,56.1,100.0,100.0,90.0,55.0,95.0,88.0,72.2
167,167,2020,Slovakia,SVK,National accounts,100.0,100.0,100.0,50,0,87.5,100.0,100.0,100.0,50.0,100.0,90.0,88.9
168,168,2020,Slovakia,SVK,Labor,100.0,100.0,100.0,50,0,70.0,100.0,100.0,100.0,50.0,100.0,90.0,80.0
169,169,2020,Slovakia,SVK,Price indexes,100.0,100.0,100.0,0,0,75.0,100.0,100.0,100.0,50.0,100.0,90.0,83.3
170,170,2020,Slovakia,SVK,Government finance,100.0,100.0,100.0,0,0,75.0,100.0,100.0,100.0,50.0,100.0,90.0,83.3
171,171,2020,Slovakia,SVK,Money & banking,100.0,100.0,100.0,0,0,100.0,100.0,100.0,100.0,50.0,100.0,90.0,93.8
172,172,2020,Slovakia,SVK,International trade,50.0,50.0,50.0,0,0,50.0,100.0,100.0,100.0,100.0,100.0,100.0,81.3
173,173,2020,Slovakia,SVK,Balance of payments,100.0,100.0,100.0,0,0,100.0,100.0,100.0,100.0,50.0,100.0,90.0,93.8
174,174,2020,Slovakia,SVK,Economic & financial statistics subscore,92.9,92.9,92.9,25,0,78.8,100.0,100.0,100.0,57.1,100.0,91.4,86.1
175,175,2020,Slovakia,SVK,Agriculture & Land Use,100.0,100.0,100.0,0,0,60.0,100.0,100.0,50.0,50.0,100.0,80.0,70.0
176,176,2020,Slovakia,SVK,Resource use,100.0,100.0,100.0,0,0,75.0,100.0,100.0,50.0,50.0,100.0,80.0,77.8
177,177,2020,Slovakia,SVK,Energy,100.0,100.0,100.0,0,0,100.0,100.0,100.0,50.0,50.0,100.0,80.0,87.5
178,178,2020,Slovakia,SVK,Pollution,100.0,100.0,100.0,50,0,87.5,100.0,100.0,100.0,100.0,100.0,100.0,94.4
179,179,2020,Slovakia,SVK,Built environment,100.0,0.0,0.0,50,0,30.0,100.0,100.0,100.0,50.0,100.0,90.0,60.0
180,180,2020,Slovakia,SVK,Environment subscore,100.0,80.0,80.0,25,0,66.7,100.0,100.0,70.0,60.0,100.0,86.0,77.2
181,181,2020,Slovakia,SVK,All Categories,91.0,79.3,79.3,31.3,17.3,66.2,100.0,100.0,86.7,57.4,98.3,88.5,78.2
182,182,2020,Denmark,DNK,Population & vital statistics,100.0,100.0,100.0,100,100,100.0,100.0,100.0,100.0,100.0,100.0,100.0,100.0
183,183,2020,Denmark,DNK,Education facilities,50.0,50.0,50.0,50,0,40.0,100.0,100.0,100.0,100.0,100.0,100.0,70.0
184,184,2020,Denmark,DNK,Education outcomes,100.0,100.0,100.0,50,50,80.0,100.0,100.0,50.0,100.0,100.0,90.0,85.0
185,185,2020,Denmark,DNK,Health facilities,100.0,100.0,100.0,50,50,80.0,100.0,100.0,100.0,100.0,100.0,100.0,90.0
186,186,2020,Denmark,DNK,Health outcomes,50.0,50.0,50.0,50,50,50.0,100.0,100.0,50.0,100.0,100.0,90.0,70.0
187,187,2020,Denmark,DNK,Reproductive health,50.0,50.0,50.0,50,50,50.0,100.0,100.0,50.0,100.0,100.0,90.0,70.0
188,188,2020,Denmark,DNK,Food security & nutrition,0.0,0.0,0.0,0,0,0.0,0.0,0.0,0.0,0.0,0.0,0.0,0.0
189,189,2020,Denmark,DNK,Gender statistics,100.0,100.0,100.0,50,50,80.0,100.0,100.0,50.0,100.0,100.0,90.0,85.0
190,190,2020,Denmark,DNK,Crime & justice,100.0,100.0,100.0,50,50,80.0,100.0,100.0,100.0,100.0,100.0,100.0,90.0
191,191,2020,Denmark,DNK,Poverty & income,100.0,100.0,100.0,0,100,80.0,100.0,100.0,100.0,100.0,100.0,100.0,90.0
192,192,2020,Denmark,DNK,Social statistics subscore,75.0,75.0,75.0,45,55.6,65.3,90.0,90.0,70.0,90.0,90.0,86.0,75.8
193,193,2020,Denmark,DNK,National accounts,100.0,100.0,100.0,50,0,87.5,100.0,100.0,100.0,100.0,100.0,100.0,94.4
194,194,2020,Denmark,DNK,Labor,100.0,100.0,100.0,100,100,100.0,100.0,100.0,100.0,100.0,100.0,100.0,100.0
195,195,2020,Denmark,DNK,Price indexes,100.0,100.0,50.0,0,0,62.5,100.0,100.0,50.0,100.0,100.0,90.0,77.8
196,196,2020,Denmark,DNK,Government finance,100.0,100.0,100.0,100,0,100.0,100.0,100.0,100.0,100.0,100.0,100.0,100.0
197,197,2020,Denmark,DNK,Money & banking,100.0,100.0,100.0,0,0,100.0,100.0,100.0,100.0,100.0,100.0,100.0,100.0
198,198,2020,Denmark,DNK,International trade,100.0,100.0,100.0,0,0,100.0,100.0,100.0,100.0,100.0,100.0,100.0,100.0
199,199,2020,Denmark,DNK,Balance of payments,100.0,100.0,100.0,0,0,100.0,100.0,100.0,50.0,100.0,100.0,90.0,93.8
200,200,2020,Denmark,DNK,Economic & financial statistics subscore,100.0,100.0,92.9,62.5,100,92.3,100.0,100.0,85.7,100.0,100.0,97.1,95.1
201,201,2020,Denmark,DNK,Agriculture & Land Use,50.0,50.0,50.0,50,50,50.0,100.0,100.0,50.0,100.0,100.0,90.0,70.0
202,202,2020,Denmark,DNK,Resource use,100.0,100.0,100.0,50,0,87.5,100.0,100.0,100.0,100.0,100.0,100.0,94.4
203,203,2020,Denmark,DNK,Energy,100.0,100.0,100.0,0,0,100.0,100.0,100.0,100.0,100.0,100.0,100.0,100.0
204,204,2020,Denmark,DNK,Pollution,100.0,100.0,100.0,0,0,75.0,100.0,100.0,100.0,100.0,100.0,100.0,88.9
205,205,2020,Denmark,DNK,Built environment,50.0,50.0,50.0,50,50,50.0,100.0,100.0,50.0,100.0,100.0,90.0,70.0
206,206,2020,Denmark,DNK,Environment subscore,80.0,80.0,80.0,37.5,50,69.0,100.0,100.0,80.0,100.0,100.0,96.0,83.7
207,207,2020,Denmark,DNK,All Categories,85.0,85.0,82.6,46.7,58.4,74.4,96.7,96.7,78.6,96.7,96.7,93.0,84.4
208,208,2020,Estonia,EST,Population & vital statistics,100.0,100.0,100.0,100,50,90.0,100.0,100.0,50.0,100.0,0.0,70.0,80.0
209,209,2020,Estonia,EST,Education facilities,50.0,50.0,50.0,0,0,30.0,100.0,100.0,100.0,100.0,0.0,80.0,55.0
210,210,2020,Estonia,EST,Education outcomes,50.0,50.0,50.0,50,0,40.0,100.0,100.0,50.0,100.0,0.0,70.0,55.0
211,211,2020,Estonia,EST,Health facilities,50.0,50.0,50.0,50,0,40.0,100.0,100.0,100.0,100.0,0.0,80.0,60.0
212,212,2020,Estonia,EST,Health outcomes,50.0,50.0,50.0,0,0,30.0,100.0,100.0,100.0,100.0,0.0,80.0,55.0
213,213,2020,Estonia,EST,Reproductive health,50.0,50.0,50.0,0,0,30.0,100.0,100.0,100.0,100.0,0.0,80.0,55.0
214,214,2020,Estonia,EST,Food security & nutrition,0.0,0.0,0.0,0,0,0.0,0.0,0.0,0.0,0.0,0.0,0.0,0.0
215,215,2020,Estonia,EST,Gender statistics,50.0,50.0,50.0,0,0,30.0,100.0,100.0,100.0,100.0,0.0,80.0,55.0
216,216,2020,Estonia,EST,Crime & justice,50.0,50.0,50.0,0,0,30.0,100.0,100.0,100.0,100.0,0.0,80.0,55.0
217,217,2020,Estonia,EST,Poverty & income,100.0,100.0,100.0,0,0,60.0,100.0,100.0,100.0,100.0,0.0,80.0,70.0
218,218,2020,Estonia,EST,Social statistics subscore,55.0,55.0,55.0,20,5.6,38.8,90.0,90.0,80.0,90.0,0.0,70.0,54.5
219,219,2020,Estonia,EST,National accounts,100.0,100.0,100.0,0,0,75.0,100.0,100.0,100.0,100.0,0.0,80.0,77.8
220,220,2020,Estonia,EST,Labor,100.0,100.0,100.0,0,0,60.0,100.0,100.0,50.0,100.0,0.0,70.0,65.0
221,221,2020,Estonia,EST,Price indexes,100.0,100.0,100.0,0,0,75.0,100.0,100.0,100.0,100.0,0.0,80.0,77.8
222,222,2020,Estonia,EST,Government finance,100.0,100.0,100.0,0,0,75.0,100.0,100.0,100.0,100.0,0.0,80.0,77.8
223,223,2020,Estonia,EST,Money & banking,100.0,100.0,100.0,0,0,100.0,100.0,100.0,100.0,100.0,0.0,80.0,87.5
224,224,2020,Estonia,EST,International trade,100.0,100.0,100.0,0,0,100.0,100.0,100.0,100.0,100.0,0.0,80.0,87.5
225,225,2020,Estonia,EST,Balance of payments,100.0,100.0,100.0,0,0,100.0,100.0,100.0,100.0,100.0,0.0,80.0,87.5
226,226,2020,Estonia,EST,Economic & financial statistics subscore,100.0,100.0,100.0,0,0,80.8,100.0,100.0,92.9,100.0,0.0,78.6,79.5
227,227,2020,Estonia,EST,Agriculture & Land Use,100.0,100.0,100.0,50,0,70.0,100.0,100.0,50.0,100.0,0.0,70.0,70.0
228,228,2020,Estonia,EST,Resource use,100.0,100.0,100.0,50,0,87.5,100.0,100.0,100.0,100.0,0.0,80.0,83.3
229,229,2020,Estonia,EST,Energy,100.0,100.0,100.0,0,0,100.0,100.0,100.0,100.0,100.0,0.0,80.0,87.5
230,230,2020,Estonia,EST,Pollution,100.0,100.0,100.0,0,0,75.0,100.0,100.0,100.0,100.0,0.0,80.0,77.8
231,231,2020,Estonia,EST,Built environment,100.0,100.0,100.0,50,0,70.0,100.0,100.0,100.0,100.0,0.0,80.0,75.0
232,232,2020,Estonia,EST,Environment subscore,100.0,100.0,100.0,37.5,0,78.6,100.0,100.0,90.0,100.0,0.0,78.0,78.3
233,233,2020,Estonia,EST,All Categories,85.0,85.0,85.0,21.1,3.5,64.0,96.7,96.7,87.6,96.7,0.0,75.5,70.2
234,234,2020,Finland,FIN,Population & vital statistics,100.0,100.0,100.0,100,100,100.0,100.0,100.0,100.0,100.0,100.0,100.0,100.0
235,235,2020,Finland,FIN,Education facilities,100.0,50.0,50.0,50,50,60.0,100.0,50.0,50.0,50.0,100.0,70.0,65.0
236,236,2020,Finland,FIN,Education outcomes,100.0,100.0,100.0,50,50,80.0,50.0,50.0,50.0,50.0,100.0,60.0,70.0
237,237,2020,Finland,FIN,Health facilities,100.0,100.0,100.0,0,0,60.0,100.0,100.0,50.0,50.0,100.0,80.0,70.0
238,238,2020,Finland,FIN,Health outcomes,50.0,50.0,50.0,50,0,40.0,50.0,100.0,50.0,50.0,50.0,60.0,50.0
239,239,2020,Finland,FIN,Reproductive health,100.0,100.0,50.0,50,50,70.0,100.0,100.0,50.0,50.0,50.0,70.0,70.0
240,240,2020,Finland,FIN,Food security & nutrition,100.0,100.0,100.0,0,0,75.0,100.0,100.0,100.0,50.0,100.0,90.0,83.3
241,241,2020,Finland,FIN,Gender statistics,100.0,100.0,100.0,50,50,80.0,100.0,100.0,50.0,100.0,100.0,90.0,85.0
242,242,2020,Finland,FIN,Crime & justice,100.0,100.0,100.0,50,50,80.0,100.0,100.0,50.0,100.0,100.0,90.0,85.0
243,243,2020,Finland,FIN,Poverty & income,100.0,100.0,100.0,100,100,100.0,100.0,100.0,50.0,100.0,100.0,90.0,95.0
244,244,2020,Finland,FIN,Social statistics subscore,95.0,90.0,85.0,50,50,74.5,90.0,90.0,60.0,70.0,90.0,80.0,77.3
245,245,2020,Finland,FIN,National accounts,100.0,100.0,100.0,100,0,100.0,100.0,100.0,50.0,100.0,100.0,90.0,94.4
246,246,2020,Finland,FIN,Labor,100.0,100.0,100.0,100,100,100.0,100.0,100.0,100.0,100.0,100.0,100.0,100.0
247,247,2020,Finland,FIN,Price indexes,100.0,100.0,100.0,0,0,75.0,100.0,100.0,100.0,100.0,100.0,100.0,88.9
248,248,2020,Finland,FIN,Government finance,100.0,100.0,100.0,100,0,100.0,100.0,100.0,100.0,100.0,100.0,100.0,100.0
249,249,2020,Finland,FIN,Money & banking,100.0,100.0,100.0,0,0,100.0,100.0,100.0,50.0,50.0,50.0,70.0,81.3
250,250,2020,Finland,FIN,International trade,100.0,100.0,100.0,0,0,100.0,100.0,100.0,100.0,50.0,50.0,80.0,87.5
251,251,2020,Finland,FIN,Balance of payments,100.0,100.0,100.0,0,0,100.0,100.0,100.0,100.0,100.0,100.0,100.0,100.0
252,252,2020,Finland,FIN,Economic & financial statistics subscore,100.0,100.0,100.0,75,100,96.2,100.0,100.0,85.7,85.7,85.7,91.4,93.4
253,253,2020,Finland,FIN,Agriculture & Land Use,100.0,50.0,50.0,50,0,50.0,100.0,100.0,50.0,100.0,100.0,90.0,70.0
254,254,2020,Finland,FIN,Resource use,100.0,100.0,100.0,50,0,87.5,100.0,100.0,50.0,100.0,100.0,90.0,88.9
255,255,2020,Finland,FIN,Energy,100.0,100.0,100.0,0,0,100.0,100.0,100.0,50.0,100.0,100.0,90.0,93.8
256,256,2020,Finland,FIN,Pollution,100.0,100.0,100.0,50,0,87.5,100.0,100.0,100.0,100.0,100.0,100.0,94.4
257,257,2020,Finland,FIN,Built environment,100.0,100.0,100.0,50,50,80.0,50.0,100.0,50.0,100.0,100.0,80.0,80.0
258,258,2020,Finland,FIN,Environment subscore,100.0,90.0,90.0,50,25,78.6,90.0,100.0,60.0,100.0,100.0,90.0,84.8
259,259,2020,Finland,FIN,All Categories,98.3,93.3,91.7,56,48,82.1,93.3,96.7,68.6,85.2,91.9,87.1,84.8
260,260,2020,Ireland,IRL,Population & vital statistics,100.0,100.0,100.0,100,50,90.0,100.0,100.0,100.0,100.0,100.0,100.0,95.0
261,261,2020,Ireland,IRL,Education facilities,50.0,50.0,50.0,50,0,40.0,100.0,100.0,100.0,50.0,100.0,90.0,65.0
262,262,2020,Ireland,IRL,Education outcomes,50.0,50.0,50.0,0,0,30.0,100.0,100.0,100.0,100.0,100.0,100.0,65.0
263,263,2020,Ireland,IRL,Health facilities,50.0,50.0,50.0,0,0,30.0,100.0,100.0,50.0,50.0,100.0,80.0,55.0
264,264,2020,Ireland,IRL,Health outcomes,50.0,50.0,0.0,50,0,30.0,100.0,100.0,100.0,50.0,100.0,90.0,60.0
265,265,2020,Ireland,IRL,Reproductive health,50.0,50.0,50.0,0,0,30.0,100.0,100.0,100.0,50.0,100.0,90.0,60.0
266,266,2020,Ireland,IRL,Food security & nutrition,100.0,50.0,0.0,0,0,37.5,100.0,100.0,100.0,100.0,100.0,100.0,72.2
267,267,2020,Ireland,IRL,Gender statistics,50.0,50.0,50.0,50,50,50.0,100.0,100.0,50.0,50.0,100.0,80.0,65.0
268,268,2020,Ireland,IRL,Crime & justice,0.0,0.0,0.0,0,0,0.0,0.0,0.0,0.0,0.0,0.0,0.0,0.0
269,269,2020,Ireland,IRL,Poverty & income,100.0,100.0,100.0,50,0,70.0,100.0,100.0,100.0,100.0,100.0,100.0,85.0
270,270,2020,Ireland,IRL,Social statistics subscore,60.0,55.0,45.0,30,11.1,40.8,90.0,90.0,80.0,65.0,90.0,83.0,62.1
271,271,2020,Ireland,IRL,National accounts,100.0,100.0,100.0,50,0,87.5,100.0,100.0,100.0,50.0,100.0,90.0,88.9
272,272,2020,Ireland,IRL,Labor,100.0,100.0,100.0,50,0,70.0,100.0,100.0,100.0,100.0,100.0,100.0,85.0
273,273,2020,Ireland,IRL,Price indexes,100.0,100.0,50.0,0,0,62.5,100.0,100.0,100.0,50.0,100.0,90.0,77.8
274,274,2020,Ireland,IRL,Government finance,100.0,100.0,100.0,0,0,75.0,100.0,100.0,100.0,50.0,100.0,90.0,83.3
275,275,2020,Ireland,IRL,Money & banking,100.0,100.0,100.0,0,0,100.0,100.0,100.0,100.0,50.0,100.0,90.0,93.8
276,276,2020,Ireland,IRL,International trade,100.0,100.0,100.0,0,0,100.0,100.0,100.0,100.0,100.0,100.0,100.0,100.0
277,277,2020,Ireland,IRL,Balance of payments,100.0,100.0,100.0,0,0,100.0,100.0,100.0,100.0,100.0,100.0,100.0,100.0
278,278,2020,Ireland,IRL,Economic & financial statistics subscore,100.0,100.0,92.9,25,0,82.7,100.0,100.0,100.0,71.4,100.0,94.3,89.3
279,279,2020,Ireland,IRL,Agriculture & Land Use,50.0,50.0,50.0,0,0,30.0,100.0,100.0,100.0,50.0,100.0,90.0,60.0
280,280,2020,Ireland,IRL,Resource use,100.0,100.0,100.0,0,0,75.0,100.0,100.0,50.0,100.0,100.0,90.0,83.3
281,281,2020,Ireland,IRL,Energy,100.0,100.0,100.0,0,0,100.0,100.0,100.0,100.0,50.0,100.0,90.0,93.8
282,282,2020,Ireland,IRL,Pollution,100.0,100.0,100.0,0,0,75.0,100.0,100.0,100.0,100.0,100.0,100.0,88.9
283,283,2020,Ireland,IRL,Built environment,100.0,50.0,0.0,100,100,70.0,100.0,100.0,100.0,100.0,100.0,100.0,85.0
284,284,2020,Ireland,IRL,Environment subscore,90.0,80.0,70.0,25,50,66.7,100.0,100.0,90.0,80.0,100.0,94.0,81.5
285,285,2020,Ireland,IRL,All Categories,83.3,78.3,69.3,27.1,20.8,61.4,96.7,96.7,90.0,72.1,96.7,90.4,77.1
286,286,2020,Latvia,LVA,Population & vital statistics,100.0,100.0,100.0,100,100,100.0,100.0,100.0,100.0,100.0,0.0,80.0,90.0
287,287,2020,Latvia,LVA,Education facilities,50.0,50.0,50.0,0,0,30.0,100.0,100.0,50.0,100.0,0.0,70.0,50.0
288,288,2020,Latvia,LVA,Education outcomes,50.0,50.0,50.0,0,0,30.0,100.0,100.0,100.0,50.0,0.0,70.0,50.0
289,289,2020,Latvia,LVA,Health facilities,100.0,100.0,100.0,0,0,60.0,100.0,100.0,100.0,50.0,0.0,70.0,65.0
290,290,2020,Latvia,LVA,Health outcomes,50.0,50.0,50.0,0,0,30.0,100.0,100.0,100.0,50.0,0.0,70.0,50.0
291,291,2020,Latvia,LVA,Reproductive health,50.0,50.0,50.0,50,0,40.0,50.0,100.0,50.0,50.0,0.0,50.0,45.0
292,292,2020,Latvia,LVA,Food security & nutrition,50.0,50.0,0.0,0,0,25.0,100.0,100.0,50.0,50.0,0.0,60.0,44.4
293,293,2020,Latvia,LVA,Gender statistics,50.0,50.0,50.0,0,0,30.0,100.0,100.0,100.0,100.0,0.0,80.0,55.0
294,294,2020,Latvia,LVA,Crime & justice,100.0,100.0,100.0,0,0,60.0,100.0,100.0,100.0,100.0,0.0,80.0,70.0
295,295,2020,Latvia,LVA,Poverty & income,100.0,100.0,100.0,0,0,60.0,100.0,100.0,100.0,100.0,0.0,80.0,70.0
296,296,2020,Latvia,LVA,Social statistics subscore,70.0,70.0,65.0,15,11.1,46.9,95.0,100.0,85.0,75.0,0.0,71.0,59.1
297,297,2020,Latvia,LVA,National accounts,100.0,100.0,100.0,0,0,75.0,100.0,100.0,100.0,100.0,0.0,80.0,77.8
298,298,2020,Latvia,LVA,Labor,100.0,100.0,100.0,0,0,60.0,100.0,100.0,100.0,100.0,0.0,80.0,70.0
299,299,2020,Latvia,LVA,Price indexes,100.0,100.0,100.0,0,0,75.0,100.0,100.0,50.0,100.0,0.0,70.0,72.2
300,300,2020,Latvia,LVA,Government finance,100.0,100.0,100.0,0,0,75.0,100.0,100.0,100.0,100.0,0.0,80.0,77.8
301,301,2020,Latvia,LVA,Money & banking,0.0,0.0,0.0,0,0,0.0,0.0,0.0,0.0,0.0,0.0,0.0,0.0
302,302,2020,Latvia,LVA,International trade,100.0,100.0,100.0,0,0,100.0,100.0,100.0,100.0,100.0,0.0,80.0,87.5
303,303,2020,Latvia,LVA,Balance of payments,0.0,0.0,0.0,0,0,0.0,0.0,0.0,0.0,0.0,0.0,0.0,0.0
304,304,2020,Latvia,LVA,Economic & financial statistics subscore,71.4,71.4,71.4,0,0,57.7,71.4,71.4,64.3,71.4,0.0,55.7,56.6
305,305,2020,Latvia,LVA,Agriculture & Land Use,50.0,50.0,50.0,50,0,40.0,100.0,100.0,100.0,100.0,0.0,80.0,60.0
306,306,2020,Latvia,LVA,Resource use,100.0,100.0,100.0,0,0,75.0,100.0,100.0,100.0,100.0,0.0,80.0,77.8
307,307,2020,Latvia,LVA,Energy,100.0,100.0,100.0,0,0,100.0,100.0,100.0,100.0,100.0,0.0,80.0,87.5
308,308,2020,Latvia,LVA,Pollution,100.0,100.0,100.0,0,0,75.0,100.0,100.0,100.0,100.0,0.0,80.0,77.8
309,309,2020,Latvia,LVA,Built environment,0.0,0.0,0.0,0,0,0.0,0.0,0.0,0.0,0.0,0.0,0.0,0.0
310,310,2020,Latvia,LVA,Environment subscore,70.0,70.0,70.0,12.5,0,52.4,80.0,80.0,80.0,80.0,0.0,64.0,58.7
311,311,2020,Latvia,LVA,All Categories,70.5,70.5,68.8,10.5,6.9,51.8,82.1,83.8,76.4,75.5,0.0,63.6,58.2
312,312,2020,Lithuania,LTU,Population & vital statistics,100.0,100.0,100.0,50,50,80.0,100.0,100.0,100.0,100.0,0.0,80.0,80.0
313,313,2020,Lithuania,LTU,Education facilities,100.0,100.0,100.0,0,0,60.0,100.0,100.0,100.0,100.0,0.0,80.0,70.0
314,314,2020,Lithuania,LTU,Education outcomes,50.0,50.0,50.0,50,50,50.0,100.0,100.0,50.0,100.0,0.0,70.0,60.0
315,315,2020,Lithuania,LTU,Health facilities,50.0,50.0,50.0,0,0,30.0,100.0,100.0,100.0,100.0,0.0,80.0,55.0
316,316,2020,Lithuania,LTU,Health outcomes,100.0,50.0,50.0,0,0,40.0,100.0,100.0,100.0,100.0,0.0,80.0,60.0
317,317,2020,Lithuania,LTU,Reproductive health,100.0,50.0,50.0,50,0,50.0,100.0,100.0,50.0,100.0,0.0,70.0,60.0
318,318,2020,Lithuania,LTU,Food security & nutrition,100.0,50.0,50.0,0,0,50.0,100.0,100.0,50.0,100.0,0.0,70.0,61.1
319,319,2020,Lithuania,LTU,Gender statistics,100.0,100.0,50.0,0,0,50.0,100.0,100.0,50.0,100.0,0.0,70.0,60.0
320,320,2020,Lithuania,LTU,Crime & justice,100.0,100.0,100.0,50,50,80.0,100.0,100.0,50.0,100.0,0.0,70.0,75.0
321,321,2020,Lithuania,LTU,Poverty & income,100.0,100.0,50.0,0,0,50.0,100.0,100.0,100.0,100.0,0.0,80.0,65.0
322,322,2020,Lithuania,LTU,Social statistics subscore,90.0,75.0,65.0,20,16.7,54.1,100.0,100.0,75.0,100.0,0.0,75.0,64.6
323,323,2020,Lithuania,LTU,National accounts,100.0,100.0,100.0,0,0,75.0,100.0,100.0,100.0,100.0,0.0,80.0,77.8
324,324,2020,Lithuania,LTU,Labor,100.0,100.0,100.0,50,50,80.0,100.0,100.0,100.0,100.0,0.0,80.0,80.0
325,325,2020,Lithuania,LTU,Price indexes,100.0,100.0,100.0,0,0,75.0,100.0,100.0,100.0,100.0,0.0,80.0,77.8
326,326,2020,Lithuania,LTU,Government finance,100.0,100.0,100.0,100,0,100.0,100.0,100.0,100.0,100.0,0.0,80.0,88.9
327,327,2020,Lithuania,LTU,Money & banking,100.0,100.0,50.0,0,0,83.3,100.0,100.0,50.0,100.0,50.0,80.0,81.3
328,328,2020,Lithuania,LTU,International trade,100.0,100.0,100.0,0,0,100.0,100.0,100.0,100.0,100.0,0.0,80.0,87.5
329,329,2020,Lithuania,LTU,Balance of payments,100.0,100.0,100.0,0,0,100.0,100.0,100.0,50.0,100.0,50.0,80.0,87.5
330,330,2020,Lithuania,LTU,Economic & financial statistics subscore,100.0,100.0,92.9,37.5,50,86.5,100.0,100.0,85.7,100.0,14.3,80.0,82.8
331,331,2020,Lithuania,LTU,Agriculture & Land Use,100.0,100.0,100.0,50,50,80.0,100.0,100.0,50.0,100.0,0.0,70.0,75.0
332,332,2020,Lithuania,LTU,Resource use,100.0,100.0,50.0,50,0,75.0,100.0,100.0,100.0,100.0,0.0,80.0,77.8
333,333,2020,Lithuania,LTU,Energy,100.0,100.0,100.0,0,0,100.0,100.0,100.0,100.0,100.0,0.0,80.0,87.5
334,334,2020,Lithuania,LTU,Pollution,100.0,100.0,100.0,50,0,87.5,100.0,100.0,100.0,100.0,0.0,80.0,83.3
335,335,2020,Lithuania,LTU,Built environment,100.0,50.0,50.0,0,0,40.0,100.0,100.0,50.0,100.0,0.0,70.0,55.0
336,336,2020,Lithuania,LTU,Environment subscore,100.0,90.0,80.0,37.5,25,73.8,100.0,100.0,80.0,100.0,0.0,76.0,75.0
337,337,2020,Lithuania,LTU,All Categories,96.7,88.3,79.3,30.1,22.3,70.0,100.0,100.0,80.2,100.0,4.8,77.0,73.8
338,338,2020,Sweden,SWE,Population & vital statistics,100.0,100.0,100.0,100,100,100.0,100.0,100.0,100.0,100.0,100.0,100.0,100.0
339,339,2020,Sweden,SWE,Education facilities,100.0,100.0,100.0,50,50,80.0,100.0,50.0,50.0,50.0,0.0,50.0,65.0
340,340,2020,Sweden,SWE,Education outcomes,50.0,50.0,50.0,50,50,50.0,100.0,0.0,50.0,50.0,0.0,40.0,45.0
341,341,2020,Sweden,SWE,Health facilities,50.0,50.0,50.0,50,0,40.0,50.0,100.0,50.0,50.0,100.0,70.0,55.0
342,342,2020,Sweden,SWE,Health outcomes,100.0,100.0,50.0,50,0,60.0,50.0,100.0,50.0,100.0,0.0,60.0,60.0
343,343,2020,Sweden,SWE,Reproductive health,100.0,100.0,100.0,50,50,80.0,100.0,100.0,100.0,100.0,100.0,100.0,90.0
344,344,2020,Sweden,SWE,Food security & nutrition,50.0,50.0,50.0,0,0,37.5,100.0,100.0,100.0,100.0,100.0,100.0,72.2
345,345,2020,Sweden,SWE,Gender statistics,100.0,100.0,100.0,0,0,60.0,100.0,100.0,100.0,100.0,100.0,100.0,80.0
346,346,2020,Sweden,SWE,Crime & justice,100.0,100.0,100.0,0,0,60.0,50.0,50.0,50.0,50.0,100.0,60.0,60.0
347,347,2020,Sweden,SWE,Poverty & income,100.0,100.0,100.0,50,50,80.0,100.0,100.0,100.0,100.0,100.0,100.0,90.0
348,348,2020,Sweden,SWE,Social statistics subscore,85.0,85.0,80.0,40,33.3,65.3,85.0,80.0,75.0,80.0,70.0,78.0,71.7
349,349,2020,Sweden,SWE,National accounts,100.0,100.0,100.0,0,0,75.0,100.0,100.0,100.0,100.0,100.0,100.0,88.9
350,350,2020,Sweden,SWE,Labor,100.0,100.0,100.0,0,0,60.0,100.0,100.0,100.0,100.0,100.0,100.0,80.0
351,351,2020,Sweden,SWE,Price indexes,100.0,100.0,100.0,0,0,75.0,100.0,100.0,100.0,100.0,100.0,100.0,88.9
352,352,2020,Sweden,SWE,Government finance,100.0,100.0,100.0,100,0,100.0,100.0,100.0,100.0,100.0,100.0,100.0,100.0
353,353,2020,Sweden,SWE,Money & banking,100.0,100.0,100.0,0,0,100.0,100.0,100.0,100.0,100.0,100.0,100.0,100.0
354,354,2020,Sweden,SWE,International trade,100.0,100.0,100.0,0,0,100.0,100.0,100.0,100.0,100.0,100.0,100.0,100.0
355,355,2020,Sweden,SWE,Balance of payments,100.0,100.0,100.0,0,0,100.0,100.0,100.0,100.0,100.0,100.0,100.0,100.0
356,356,2020,Sweden,SWE,Economic & financial statistics subscore,100.0,100.0,100.0,25,0,84.6,100.0,100.0,100.0,100.0,100.0,100.0,93.4
357,357,2020,Sweden,SWE,Agriculture & Land Use,100.0,100.0,100.0,100,50,90.0,100.0,100.0,50.0,50.0,100.0,80.0,85.0
358,358,2020,Sweden,SWE,Resource use,100.0,100.0,100.0,50,0,87.5,100.0,100.0,50.0,50.0,50.0,70.0,77.8
359,359,2020,Sweden,SWE,Energy,100.0,100.0,100.0,0,0,100.0,100.0,100.0,100.0,100.0,100.0,100.0,100.0
360,360,2020,Sweden,SWE,Pollution,100.0,100.0,100.0,0,0,75.0,100.0,100.0,100.0,100.0,100.0,100.0,88.9
361,361,2020,Sweden,SWE,Built environment,100.0,50.0,50.0,100,100,80.0,100.0,100.0,100.0,100.0,100.0,100.0,90.0
362,362,2020,Sweden,SWE,Environment subscore,100.0,90.0,90.0,62.5,75,85.7,100.0,100.0,80.0,80.0,90.0,90.0,88.0
363,363,2020,Sweden,SWE,All Categories,95.0,91.7,90.0,44,41.6,77.6,95.0,93.3,85.0,86.7,86.7,89.3,83.9
364,364,2020,Croatia,HRV,Population & vital statistics,100.0,100.0,100.0,50,50,80.0,100.0,100.0,100.0,100.0,50.0,90.0,85.0
365,365,2020,Croatia,HRV,Education facilities,50.0,50.0,50.0,0,0,30.0,0.0,100.0,0.0,50.0,50.0,40.0,35.0
366,366,2020,Croatia,HRV,Education outcomes,50.0,50.0,50.0,0,0,30.0,0.0,100.0,50.0,50.0,50.0,50.0,40.0
367,367,2020,Croatia,HRV,Health facilities,100.0,100.0,50.0,0,0,50.0,50.0,100.0,50.0,50.0,50.0,60.0,55.0
368,368,2020,Croatia,HRV,Health outcomes,50.0,50.0,50.0,0,0,30.0,100.0,100.0,50.0,0.0,50.0,60.0,45.0
369,369,2020,Croatia,HRV,Reproductive health,50.0,50.0,50.0,0,0,30.0,100.0,100.0,100.0,50.0,50.0,80.0,55.0
370,370,2020,Croatia,HRV,Food security & nutrition,0.0,0.0,0.0,0,0,0.0,0.0,0.0,0.0,0.0,0.0,0.0,0.0
371,371,2020,Croatia,HRV,Gender statistics,50.0,50.0,50.0,0,0,30.0,50.0,100.0,50.0,50.0,50.0,60.0,45.0
372,372,2020,Croatia,HRV,Crime & justice,100.0,100.0,50.0,0,0,50.0,50.0,100.0,50.0,50.0,50.0,60.0,55.0
373,373,2020,Croatia,HRV,Poverty & income,100.0,100.0,100.0,0,0,60.0,100.0,100.0,50.0,100.0,50.0,80.0,70.0
374,374,2020,Croatia,HRV,Social statistics subscore,65.0,65.0,55.0,5,5.6,39.8,55.0,90.0,50.0,50.0,45.0,58.0,49.0
375,375,2020,Croatia,HRV,National accounts,100.0,100.0,100.0,0,0,75.0,100.0,100.0,50.0,100.0,50.0,80.0,77.8
376,376,2020,Croatia,HRV,Labor,100.0,100.0,100.0,0,0,60.0,100.0,100.0,50.0,100.0,50.0,80.0,70.0
377,377,2020,Croatia,HRV,Price indexes,100.0,100.0,100.0,0,0,75.0,100.0,100.0,100.0,50.0,50.0,80.0,77.8
378,378,2020,Croatia,HRV,Government finance,100.0,100.0,100.0,0,0,75.0,100.0,100.0,50.0,100.0,50.0,80.0,77.8
379,379,2020,Croatia,HRV,Money & banking,100.0,100.0,100.0,0,0,100.0,100.0,100.0,50.0,100.0,50.0,80.0,87.5
380,380,2020,Croatia,HRV,International trade,100.0,100.0,100.0,0,0,100.0,100.0,100.0,50.0,100.0,50.0,80.0,87.5
381,381,2020,Croatia,HRV,Balance of payments,100.0,100.0,100.0,0,0,100.0,100.0,100.0,50.0,100.0,50.0,80.0,87.5
382,382,2020,Croatia,HRV,Economic & financial statistics subscore,100.0,100.0,100.0,0,0,80.8,100.0,100.0,57.1,92.9,50.0,80.0,80.3
383,383,2020,Croatia,HRV,Agriculture & Land Use,100.0,100.0,100.0,0,0,60.0,50.0,100.0,50.0,50.0,50.0,60.0,60.0
384,384,2020,Croatia,HRV,Resource use,100.0,100.0,100.0,0,0,75.0,100.0,100.0,100.0,50.0,50.0,80.0,77.8
385,385,2020,Croatia,HRV,Energy,50.0,50.0,50.0,0,0,50.0,0.0,100.0,50.0,50.0,50.0,50.0,50.0
386,386,2020,Croatia,HRV,Pollution,100.0,100.0,100.0,0,0,75.0,100.0,100.0,100.0,50.0,50.0,80.0,77.8
387,387,2020,Croatia,HRV,Built environment,100.0,50.0,0.0,50,50,50.0,50.0,100.0,50.0,50.0,50.0,60.0,55.0
388,388,2020,Croatia,HRV,Environment subscore,90.0,80.0,70.0,12.5,25,61.9,60.0,100.0,70.0,50.0,50.0,66.0,64.1
389,389,2020,Croatia,HRV,All Categories,85.0,81.7,75.0,6.3,10.4,58.9,71.7,96.7,59.0,64.3,48.3,68.0,63.8
390,390,2020,Greece,GRC,Population & vital statistics,100.0,100.0,100.0,50,50,80.0,100.0,100.0,50.0,50.0,100.0,80.0,80.0
391,391,2020,Greece,GRC,Education facilities,100.0,50.0,50.0,50,0,50.0,50.0,100.0,50.0,50.0,100.0,70.0,60.0
392,392,2020,Greece,GRC,Education outcomes,50.0,50.0,50.0,50,0,40.0,0.0,100.0,0.0,100.0,100.0,60.0,50.0
393,393,2020,Greece,GRC,Health facilities,50.0,50.0,50.0,50,0,40.0,100.0,100.0,0.0,100.0,100.0,80.0,60.0
394,394,2020,Greece,GRC,Health outcomes,50.0,50.0,50.0,0,0,30.0,100.0,100.0,0.0,100.0,100.0,80.0,55.0
395,395,2020,Greece,GRC,Reproductive health,50.0,50.0,50.0,50,0,40.0,50.0,50.0,50.0,50.0,100.0,60.0,50.0
396,396,2020,Greece,GRC,Food security & nutrition,50.0,50.0,0.0,0,0,25.0,0.0,100.0,50.0,100.0,100.0,70.0,50.0
397,397,2020,Greece,GRC,Gender statistics,50.0,50.0,50.0,50,50,50.0,50.0,100.0,50.0,50.0,100.0,70.0,60.0
398,398,2020,Greece,GRC,Crime & justice,50.0,50.0,50.0,0,0,30.0,100.0,100.0,50.0,100.0,100.0,90.0,60.0
399,399,2020,Greece,GRC,Poverty & income,100.0,100.0,100.0,0,0,60.0,100.0,100.0,0.0,100.0,100.0,80.0,70.0
400,400,2020,Greece,GRC,Social statistics subscore,65.0,60.0,55.0,30,11.1,44.9,65.0,95.0,30.0,80.0,100.0,74.0,59.6
401,401,2020,Greece,GRC,National accounts,100.0,100.0,100.0,0,0,75.0,100.0,50.0,50.0,100.0,100.0,80.0,77.8
402,402,2020,Greece,GRC,Labor,100.0,100.0,100.0,100,100,100.0,100.0,0.0,50.0,50.0,100.0,60.0,80.0
403,403,2020,Greece,GRC,Price indexes,100.0,100.0,100.0,0,0,75.0,100.0,50.0,50.0,50.0,100.0,70.0,72.2
404,404,2020,Greece,GRC,Government finance,100.0,100.0,100.0,0,0,75.0,0.0,100.0,50.0,100.0,100.0,70.0,72.2
405,405,2020,Greece,GRC,Money & banking,100.0,0.0,50.0,0,0,50.0,0.0,100.0,50.0,50.0,100.0,60.0,56.3
406,406,2020,Greece,GRC,International trade,0.0,0.0,0.0,0,0,0.0,0.0,0.0,0.0,0.0,0.0,0.0,0.0
407,407,2020,Greece,GRC,Balance of payments,100.0,100.0,100.0,0,0,100.0,0.0,100.0,0.0,50.0,100.0,50.0,68.8
408,408,2020,Greece,GRC,Economic & financial statistics subscore,85.7,71.4,78.6,25,100,71.2,42.9,57.1,35.7,57.1,85.7,55.7,62.3
409,409,2020,Greece,GRC,Agriculture & Land Use,50.0,50.0,50.0,50,50,50.0,100.0,50.0,0.0,100.0,100.0,70.0,60.0
410,410,2020,Greece,GRC,Resource use,100.0,50.0,50.0,50,0,62.5,100.0,50.0,50.0,50.0,100.0,70.0,66.7
411,411,2020,Greece,GRC,Energy,50.0,0.0,50.0,0,0,33.3,100.0,0.0,0.0,50.0,100.0,50.0,43.8
412,412,2020,Greece,GRC,Pollution,100.0,50.0,50.0,0,0,50.0,50.0,50.0,50.0,50.0,100.0,60.0,55.6
413,413,2020,Greece,GRC,Built environment,100.0,0.0,0.0,100,100,60.0,100.0,0.0,50.0,100.0,100.0,70.0,65.0
414,414,2020,Greece,GRC,Environment subscore,80.0,30.0,40.0,50,75,52.4,90.0,30.0,30.0,70.0,100.0,64.0,58.7
415,415,2020,Greece,GRC,All Categories,76.9,53.8,57.9,35.5,37.6,55.0,66.0,60.7,31.9,69.0,95.2,64.6,60.1
416,416,2020,Italy,ITA,Population & vital statistics,100.0,100.0,100.0,100,50,90.0,100.0,100.0,100.0,100.0,100.0,100.0,95.0
417,417,2020,Italy,ITA,Education facilities,50.0,50.0,50.0,50,50,50.0,100.0,100.0,50.0,100.0,100.0,90.0,70.0
418,418,2020,Italy,ITA,Education outcomes,50.0,50.0,50.0,50,50,50.0,100.0,100.0,50.0,100.0,100.0,90.0,70.0
419,419,2020,Italy,ITA,Health facilities,50.0,50.0,50.0,50,0,40.0,100.0,100.0,100.0,100.0,100.0,100.0,70.0
420,420,2020,Italy,ITA,Health outcomes,50.0,50.0,50.0,0,0,30.0,100.0,0.0,50.0,50.0,100.0,60.0,45.0
421,421,2020,Italy,ITA,Reproductive health,50.0,50.0,50.0,50,50,50.0,100.0,100.0,100.0,100.0,100.0,100.0,75.0
422,422,2020,Italy,ITA,Food security & nutrition,50.0,50.0,50.0,0,0,37.5,100.0,100.0,100.0,100.0,100.0,100.0,72.2
423,423,2020,Italy,ITA,Gender statistics,100.0,50.0,50.0,50,50,60.0,100.0,100.0,100.0,50.0,100.0,90.0,75.0
424,424,2020,Italy,ITA,Crime & justice,100.0,100.0,100.0,100,50,90.0,100.0,100.0,100.0,100.0,100.0,100.0,95.0
425,425,2020,Italy,ITA,Poverty & income,50.0,50.0,50.0,0,0,30.0,100.0,100.0,100.0,100.0,100.0,100.0,65.0
426,426,2020,Italy,ITA,Social statistics subscore,65.0,60.0,60.0,45,33.3,53.1,100.0,90.0,85.0,90.0,100.0,93.0,73.2
427,427,2020,Italy,ITA,National accounts,100.0,100.0,100.0,0,0,75.0,100.0,100.0,100.0,100.0,100.0,100.0,88.9
428,428,2020,Italy,ITA,Labor,100.0,100.0,100.0,0,0,60.0,100.0,100.0,100.0,100.0,100.0,100.0,80.0
429,429,2020,Italy,ITA,Price indexes,100.0,100.0,100.0,50,0,87.5,100.0,100.0,50.0,100.0,100.0,90.0,88.9
430,430,2020,Italy,ITA,Government finance,100.0,100.0,100.0,0,0,75.0,100.0,100.0,100.0,100.0,100.0,100.0,88.9
431,431,2020,Italy,ITA,Money & banking,100.0,100.0,100.0,0,0,100.0,100.0,100.0,0.0,0.0,50.0,50.0,68.8
432,432,2020,Italy,ITA,International trade,50.0,50.0,50.0,0,0,50.0,100.0,0.0,50.0,50.0,100.0,60.0,56.3
433,433,2020,Italy,ITA,Balance of payments,100.0,100.0,100.0,0,0,100.0,50.0,100.0,0.0,50.0,50.0,50.0,68.8
434,434,2020,Italy,ITA,Economic & financial statistics subscore,92.9,92.9,92.9,12.5,0,76.9,92.9,85.7,57.1,71.4,85.7,78.6,77.9
435,435,2020,Italy,ITA,Agriculture & Land Use,50.0,50.0,50.0,0,0,30.0,100.0,50.0,50.0,50.0,100.0,70.0,50.0
436,436,2020,Italy,ITA,Resource use,100.0,50.0,50.0,50,0,62.5,100.0,50.0,50.0,50.0,100.0,70.0,66.7
437,437,2020,Italy,ITA,Energy,50.0,50.0,50.0,0,0,50.0,100.0,100.0,100.0,50.0,100.0,90.0,75.0
438,438,2020,Italy,ITA,Pollution,100.0,0.0,50.0,0,0,37.5,100.0,0.0,50.0,50.0,100.0,60.0,50.0
439,439,2020,Italy,ITA,Built environment,0.0,0.0,0.0,0,0,0.0,0.0,0.0,0.0,0.0,0.0,0.0,0.0
440,440,2020,Italy,ITA,Environment subscore,60.0,30.0,40.0,12.5,0,33.3,80.0,40.0,50.0,40.0,80.0,58.0,46.7
441,441,2020,Italy,ITA,All Categories,72.6,61.0,64.3,26.2,20.8,53.5,91.0,71.9,64.0,67.1,88.6,76.5,65.9
442,442,2020,Malta,MLT,Population & vital statistics,100.0,50.0,50.0,100,0,75.0,100.0,100.0,50.0,50.0,100.0,80.0,77.8
443,443,2020,Malta,MLT,Education facilities,0.0,0.0,0.0,0,0,0.0,0.0,0.0,0.0,0.0,0.0,0.0,0.0
444,444,2020,Malta,MLT,Education outcomes,50.0,50.0,50.0,0,0,37.5,0.0,100.0,50.0,50.0,100.0,60.0,50.0
445,445,2020,Malta,MLT,Health facilities,0.0,0.0,0.0,0,0,0.0,0.0,0.0,0.0,0.0,0.0,0.0,0.0
446,446,2020,Malta,MLT,Health outcomes,0.0,0.0,0.0,0,0,0.0,0.0,0.0,0.0,0.0,0.0,0.0,0.0
447,447,2020,Malta,MLT,Reproductive health,0.0,0.0,0.0,0,0,0.0,0.0,0.0,0.0,0.0,0.0,0.0,0.0
448,448,2020,Malta,MLT,Food security & nutrition,0.0,0.0,0.0,0,0,0.0,0.0,0.0,0.0,0.0,0.0,0.0,0.0
449,449,2020,Malta,MLT,Gender statistics,50.0,0.0,0.0,0,0,12.5,0.0,100.0,50.0,100.0,100.0,70.0,44.4
450,450,2020,Malta,MLT,Crime & justice,0.0,0.0,0.0,0,0,0.0,0.0,0.0,0.0,0.0,0.0,0.0,0.0
451,451,2020,Malta,MLT,Poverty & income,50.0,50.0,50.0,0,0,37.5,0.0,100.0,0.0,50.0,100.0,50.0,44.4
452,452,2020,Malta,MLT,Social statistics subscore,25.0,15.0,15.0,11.1,0,16.7,10.0,40.0,15.0,25.0,40.0,26.0,21.9
453,453,2020,Malta,MLT,National accounts,100.0,100.0,100.0,0,0,100.0,50.0,100.0,50.0,50.0,100.0,70.0,81.3
454,454,2020,Malta,MLT,Labor,100.0,100.0,100.0,0,0,75.0,100.0,100.0,50.0,100.0,100.0,90.0,83.3
455,455,2020,Malta,MLT,Price indexes,50.0,50.0,50.0,0,0,50.0,100.0,100.0,100.0,50.0,100.0,90.0,75.0
456,456,2020,Malta,MLT,Government finance,100.0,100.0,100.0,0,0,100.0,50.0,100.0,0.0,100.0,100.0,70.0,81.3
457,457,2020,Malta,MLT,Money & banking,100.0,100.0,100.0,0,0,100.0,100.0,50.0,50.0,50.0,50.0,60.0,75.0
458,458,2020,Malta,MLT,International trade,100.0,100.0,100.0,0,0,100.0,100.0,0.0,50.0,50.0,50.0,50.0,68.8
459,459,2020,Malta,MLT,Balance of payments,100.0,100.0,100.0,0,0,100.0,100.0,100.0,50.0,50.0,50.0,70.0,81.3
460,460,2020,Malta,MLT,Economic & financial statistics subscore,92.9,92.9,92.9,0,0,88.6,85.7,78.6,50.0,64.3,78.6,71.4,78.1
461,461,2020,Malta,MLT,Agriculture & Land Use,50.0,50.0,50.0,50,0,50.0,50.0,100.0,50.0,0.0,100.0,60.0,55.6
462,462,2020,Malta,MLT,Resource use,50.0,50.0,50.0,0,0,50.0,100.0,100.0,50.0,0.0,100.0,70.0,62.5
463,463,2020,Malta,MLT,Energy,0.0,0.0,0.0,0,0,0.0,0.0,0.0,0.0,0.0,0.0,0.0,0.0
464,464,2020,Malta,MLT,Pollution,50.0,50.0,50.0,0,0,50.0,100.0,0.0,50.0,50.0,100.0,60.0,56.3
465,465,2020,Malta,MLT,Built environment,50.0,0.0,0.0,50,0,25.0,0.0,100.0,50.0,50.0,100.0,60.0,44.4
466,466,2020,Malta,MLT,Environment subscore,40.0,30.0,30.0,50,0,35.3,50.0,60.0,40.0,20.0,80.0,50.0,44.0
467,467,2020,Malta,MLT,All Categories,52.6,46.0,46.0,20.8,0,44.4,48.6,59.5,35.0,36.4,66.2,49.1,47.2
468,468,2020,Portugal,PRT,Population & vital statistics,100.0,100.0,100.0,50,50,80.0,100.0,100.0,100.0,100.0,50.0,90.0,85.0
469,469,2020,Portugal,PRT,Education facilities,50.0,50.0,50.0,50,50,50.0,100.0,100.0,50.0,100.0,50.0,80.0,65.0
470,470,2020,Portugal,PRT,Education outcomes,50.0,50.0,50.0,50,50,50.0,100.0,100.0,50.0,100.0,50.0,80.0,65.0
471,471,2020,Portugal,PRT,Health facilities,100.0,100.0,100.0,50,50,80.0,100.0,100.0,50.0,100.0,50.0,80.0,80.0
472,472,2020,Portugal,PRT,Health outcomes,50.0,50.0,50.0,0,0,30.0,100.0,100.0,50.0,100.0,50.0,80.0,55.0
473,473,2020,Portugal,PRT,Reproductive health,50.0,50.0,50.0,50,50,50.0,100.0,100.0,100.0,100.0,50.0,90.0,70.0
474,474,2020,Portugal,PRT,Food security & nutrition,0.0,0.0,0.0,0,0,0.0,0.0,0.0,0.0,0.0,0.0,0.0,0.0
475,475,2020,Portugal,PRT,Gender statistics,100.0,50.0,50.0,50,50,60.0,100.0,100.0,50.0,100.0,50.0,80.0,70.0
476,476,2020,Portugal,PRT,Crime & justice,50.0,50.0,50.0,0,0,30.0,100.0,100.0,50.0,100.0,50.0,80.0,55.0
477,477,2020,Portugal,PRT,Poverty & income,100.0,100.0,100.0,0,0,60.0,100.0,100.0,100.0,100.0,50.0,90.0,75.0
478,478,2020,Portugal,PRT,Social statistics subscore,65.0,60.0,60.0,30,33.3,50.0,90.0,90.0,60.0,90.0,45.0,75.0,62.6
479,479,2020,Portugal,PRT,National accounts,100.0,100.0,100.0,0,0,75.0,100.0,0.0,50.0,100.0,50.0,60.0,66.7
480,480,2020,Portugal,PRT,Labor,100.0,100.0,100.0,0,0,60.0,100.0,100.0,50.0,100.0,50.0,80.0,70.0
481,481,2020,Portugal,PRT,Price indexes,100.0,100.0,100.0,0,0,75.0,100.0,100.0,100.0,100.0,50.0,90.0,83.3
482,482,2020,Portugal,PRT,Government finance,100.0,100.0,100.0,0,0,75.0,100.0,0.0,50.0,50.0,50.0,50.0,61.1
483,483,2020,Portugal,PRT,Money & banking,100.0,100.0,100.0,0,0,100.0,100.0,100.0,100.0,50.0,100.0,90.0,93.8
484,484,2020,Portugal,PRT,International trade,100.0,100.0,100.0,0,0,100.0,100.0,100.0,100.0,100.0,50.0,90.0,93.8
485,485,2020,Portugal,PRT,Balance of payments,100.0,100.0,100.0,0,0,100.0,100.0,100.0,100.0,100.0,100.0,100.0,100.0
486,486,2020,Portugal,PRT,Economic & financial statistics subscore,100.0,100.0,100.0,0,0,80.8,100.0,71.4,78.6,85.7,64.3,80.0,80.3
487,487,2020,Portugal,PRT,Agriculture & Land Use,50.0,50.0,50.0,0,0,30.0,100.0,100.0,100.0,100.0,50.0,90.0,60.0
488,488,2020,Portugal,PRT,Resource use,50.0,50.0,50.0,50,0,50.0,100.0,100.0,100.0,100.0,50.0,90.0,72.2
489,489,2020,Portugal,PRT,Energy,100.0,50.0,50.0,0,0,66.7,100.0,100.0,100.0,100.0,50.0,90.0,81.3
490,490,2020,Portugal,PRT,Pollution,100.0,100.0,100.0,0,0,75.0,100.0,100.0,100.0,100.0,50.0,90.0,83.3
491,491,2020,Portugal,PRT,Built environment,0.0,0.0,0.0,0,0,0.0,0.0,0.0,0.0,0.0,0.0,0.0,0.0
492,492,2020,Portugal,PRT,Environment subscore,60.0,50.0,50.0,12.5,0,40.5,80.0,80.0,80.0,80.0,40.0,72.0,57.6
493,493,2020,Portugal,PRT,All Categories,75.0,70.0,70.0,16.9,20.8,55.8,90.0,80.5,72.9,85.2,49.8,75.7,66.5
494,494,2020,Slovenia,SVN,Population & vital statistics,100.0,100.0,100.0,100,100,100.0,100.0,100.0,50.0,100.0,100.0,90.0,95.0
495,495,2020,Slovenia,SVN,Education facilities,100.0,100.0,100.0,50,50,80.0,100.0,100.0,50.0,100.0,100.0,90.0,85.0
496,496,2020,Slovenia,SVN,Education outcomes,50.0,50.0,50.0,50,50,50.0,100.0,100.0,50.0,100.0,100.0,90.0,70.0
497,497,2020,Slovenia,SVN,Health facilities,100.0,100.0,50.0,50,0,60.0,50.0,50.0,50.0,50.0,50.0,50.0,55.0
498,498,2020,Slovenia,SVN,Health outcomes,50.0,50.0,50.0,50,0,40.0,50.0,100.0,50.0,50.0,50.0,60.0,50.0
499,499,2020,Slovenia,SVN,Reproductive health,100.0,100.0,100.0,50,0,70.0,100.0,100.0,100.0,100.0,100.0,100.0,85.0
500,500,2020,Slovenia,SVN,Food security & nutrition,50.0,0.0,0.0,0,0,12.5,100.0,100.0,50.0,100.0,0.0,70.0,44.4
501,501,2020,Slovenia,SVN,Gender statistics,100.0,50.0,50.0,50,50,60.0,50.0,100.0,50.0,50.0,100.0,70.0,65.0
502,502,2020,Slovenia,SVN,Crime & justice,100.0,100.0,50.0,0,0,50.0,100.0,100.0,50.0,100.0,100.0,90.0,70.0
503,503,2020,Slovenia,SVN,Poverty & income,100.0,100.0,100.0,0,0,60.0,100.0,100.0,100.0,50.0,100.0,90.0,75.0
504,504,2020,Slovenia,SVN,Social statistics subscore,85.0,75.0,65.0,40,27.8,59.2,85.0,95.0,60.0,80.0,80.0,80.0,69.7
505,505,2020,Slovenia,SVN,National accounts,100.0,100.0,100.0,0,0,75.0,100.0,100.0,50.0,50.0,100.0,80.0,77.8
506,506,2020,Slovenia,SVN,Labor,100.0,50.0,100.0,50,50,70.0,100.0,100.0,50.0,50.0,100.0,80.0,75.0
507,507,2020,Slovenia,SVN,Price indexes,100.0,100.0,100.0,0,0,75.0,100.0,100.0,100.0,50.0,100.0,90.0,83.3
508,508,2020,Slovenia,SVN,Government finance,100.0,100.0,100.0,0,0,75.0,100.0,100.0,100.0,100.0,100.0,100.0,88.9
509,509,2020,Slovenia,SVN,Money & banking,100.0,100.0,100.0,0,0,100.0,100.0,100.0,50.0,50.0,100.0,80.0,87.5
510,510,2020,Slovenia,SVN,International trade,50.0,50.0,50.0,0,0,50.0,100.0,100.0,100.0,100.0,100.0,100.0,81.3
511,511,2020,Slovenia,SVN,Balance of payments,100.0,100.0,100.0,0,0,100.0,100.0,100.0,50.0,50.0,100.0,80.0,87.5
512,512,2020,Slovenia,SVN,Economic & financial statistics subscore,92.9,85.7,92.9,12.5,50,76.9,100.0,100.0,71.4,64.3,100.0,87.1,82.8
513,513,2020,Slovenia,SVN,Agriculture & Land Use,100.0,100.0,100.0,50,0,70.0,100.0,100.0,50.0,100.0,100.0,90.0,80.0
514,514,2020,Slovenia,SVN,Resource use,100.0,100.0,100.0,0,0,75.0,100.0,100.0,100.0,100.0,100.0,100.0,88.9
515,515,2020,Slovenia,SVN,Energy,100.0,100.0,100.0,0,0,100.0,100.0,100.0,100.0,100.0,100.0,100.0,100.0
516,516,2020,Slovenia,SVN,Pollution,100.0,100.0,100.0,0,0,75.0,100.0,100.0,100.0,100.0,100.0,100.0,88.9
517,517,2020,Slovenia,SVN,Built environment,100.0,50.0,50.0,100,100,80.0,100.0,100.0,50.0,100.0,100.0,90.0,85.0
518,518,2020,Slovenia,SVN,Environment subscore,100.0,90.0,90.0,37.5,50,78.6,100.0,100.0,80.0,100.0,100.0,96.0,88.0
519,519,2020,Slovenia,SVN,All Categories,92.6,83.6,82.6,32.5,36.1,70.7,95.0,98.3,70.5,81.4,93.3,87.7,79.9
520,520,2020,Spain,ESP,Population & vital statistics,100.0,100.0,100.0,100,100,100.0,100.0,100.0,50.0,100.0,50.0,80.0,90.0
521,521,2020,Spain,ESP,Education facilities,100.0,100.0,100.0,0,0,40.0,100.0,100.0,50.0,100.0,50.0,80.0,60.0
522,522,2020,Spain,ESP,Education outcomes,100.0,100.0,100.0,50,0,70.0,100.0,100.0,50.0,100.0,50.0,80.0,75.0
523,523,2020,Spain,ESP,Health facilities,100.0,50.0,100.0,50,0,60.0,50.0,100.0,50.0,50.0,50.0,60.0,60.0
524,524,2020,Spain,ESP,Health outcomes,50.0,50.0,50.0,50,0,40.0,100.0,100.0,50.0,100.0,50.0,80.0,60.0
525,525,2020,Spain,ESP,Reproductive health,100.0,100.0,100.0,50,50,80.0,100.0,100.0,50.0,100.0,50.0,80.0,80.0
526,526,2020,Spain,ESP,Food security & nutrition,50.0,50.0,0.0,50,0,37.5,100.0,100.0,100.0,50.0,50.0,80.0,61.1
527,527,2020,Spain,ESP,Gender statistics,100.0,100.0,100.0,50,50,80.0,100.0,100.0,50.0,100.0,50.0,80.0,80.0
528,528,2020,Spain,ESP,Crime & justice,50.0,50.0,50.0,0,0,30.0,0.0,100.0,50.0,50.0,50.0,50.0,40.0
529,529,2020,Spain,ESP,Poverty & income,100.0,100.0,100.0,0,0,60.0,100.0,100.0,100.0,100.0,50.0,90.0,75.0
530,530,2020,Spain,ESP,Social statistics subscore,85.0,80.0,80.0,30,22.2,60.2,85.0,100.0,60.0,85.0,50.0,76.0,68.2
531,531,2020,Spain,ESP,National accounts,100.0,100.0,100.0,0,0,75.0,100.0,100.0,100.0,100.0,50.0,90.0,83.3
532,532,2020,Spain,ESP,Labor,100.0,100.0,100.0,50,0,70.0,100.0,100.0,50.0,100.0,50.0,80.0,75.0
533,533,2020,Spain,ESP,Price indexes,100.0,100.0,100.0,100,0,100.0,100.0,100.0,50.0,100.0,50.0,80.0,88.9
534,534,2020,Spain,ESP,Government finance,100.0,100.0,100.0,0,0,75.0,100.0,100.0,50.0,50.0,50.0,70.0,72.2
535,535,2020,Spain,ESP,Money & banking,100.0,100.0,100.0,0,0,100.0,100.0,100.0,50.0,50.0,50.0,70.0,81.3
536,536,2020,Spain,ESP,International trade,100.0,100.0,100.0,0,0,100.0,100.0,100.0,50.0,100.0,50.0,80.0,87.5
537,537,2020,Spain,ESP,Balance of payments,100.0,100.0,100.0,0,0,100.0,100.0,100.0,50.0,50.0,50.0,70.0,81.3
538,538,2020,Spain,ESP,Economic & financial statistics subscore,100.0,100.0,100.0,37.5,0,86.5,100.0,100.0,57.1,78.6,50.0,77.1,81.1
539,539,2020,Spain,ESP,Agriculture & Land Use,50.0,50.0,50.0,50,50,50.0,100.0,100.0,50.0,50.0,50.0,70.0,60.0
540,540,2020,Spain,ESP,Resource use,100.0,50.0,100.0,50,0,75.0,50.0,100.0,50.0,50.0,50.0,60.0,66.7
541,541,2020,Spain,ESP,Energy,100.0,50.0,50.0,0,0,66.7,50.0,100.0,50.0,50.0,50.0,60.0,62.5
542,542,2020,Spain,ESP,Pollution,100.0,100.0,100.0,0,0,75.0,100.0,100.0,100.0,100.0,50.0,90.0,83.3
543,543,2020,Spain,ESP,Built environment,50.0,50.0,50.0,50,50,50.0,50.0,100.0,50.0,50.0,50.0,60.0,55.0
544,544,2020,Spain,ESP,Environment subscore,80.0,60.0,70.0,37.5,50,61.9,70.0,100.0,60.0,60.0,50.0,68.0,65.2
545,545,2020,Spain,ESP,All Categories,88.3,80.0,83.3,34.3,27.7,68.4,85.0,100.0,59.0,74.5,50.0,73.7,71.3
546,546,2020,Austria,AUT,Population & vital statistics,100.0,100.0,100.0,100,50,90.0,100.0,100.0,100.0,100.0,50.0,90.0,90.0
547,547,2020,Austria,AUT,Education facilities,50.0,50.0,50.0,50,0,40.0,100.0,100.0,50.0,100.0,50.0,80.0,60.0
548,548,2020,Austria,AUT,Education outcomes,50.0,50.0,50.0,50,0,40.0,100.0,100.0,50.0,100.0,50.0,80.0,60.0
549,549,2020,Austria,AUT,Health facilities,100.0,100.0,100.0,0,0,60.0,100.0,100.0,50.0,50.0,50.0,70.0,65.0
550,550,2020,Austria,AUT,Health outcomes,50.0,50.0,50.0,0,0,30.0,100.0,100.0,50.0,50.0,50.0,70.0,50.0
551,551,2020,Austria,AUT,Reproductive health,50.0,50.0,50.0,0,0,30.0,100.0,100.0,50.0,50.0,50.0,70.0,50.0
552,552,2020,Austria,AUT,Food security & nutrition,50.0,0.0,0.0,0,0,12.5,100.0,100.0,50.0,100.0,50.0,80.0,50.0
553,553,2020,Austria,AUT,Gender statistics,0.0,0.0,0.0,0,0,0.0,0.0,0.0,0.0,0.0,0.0,0.0,0.0
554,554,2020,Austria,AUT,Crime & justice,50.0,50.0,50.0,50,0,40.0,100.0,100.0,50.0,100.0,50.0,80.0,60.0
555,555,2020,Austria,AUT,Poverty & income,100.0,100.0,100.0,0,0,60.0,100.0,100.0,50.0,100.0,50.0,80.0,70.0
556,556,2020,Austria,AUT,Social statistics subscore,60.0,55.0,55.0,25,5.6,40.8,90.0,90.0,50.0,75.0,45.0,70.0,55.6
557,557,2020,Austria,AUT,National accounts,100.0,100.0,100.0,0,0,75.0,100.0,100.0,100.0,100.0,50.0,90.0,83.3
558,558,2020,Austria,AUT,Labor,100.0,100.0,100.0,0,0,60.0,100.0,100.0,100.0,100.0,50.0,90.0,75.0
559,559,2020,Austria,AUT,Price indexes,100.0,100.0,100.0,0,0,75.0,100.0,100.0,50.0,100.0,50.0,80.0,77.8
560,560,2020,Austria,AUT,Government finance,100.0,100.0,100.0,0,0,75.0,100.0,100.0,50.0,100.0,50.0,80.0,77.8
561,561,2020,Austria,AUT,Money & banking,100.0,100.0,100.0,0,0,100.0,100.0,100.0,100.0,100.0,50.0,90.0,93.8
562,562,2020,Austria,AUT,International trade,100.0,100.0,100.0,0,0,100.0,100.0,100.0,100.0,50.0,50.0,80.0,87.5
563,563,2020,Austria,AUT,Balance of payments,100.0,100.0,100.0,0,0,100.0,100.0,100.0,100.0,100.0,0.0,80.0,87.5
564,564,2020,Austria,AUT,Economic & financial statistics subscore,100.0,100.0,100.0,0,0,80.8,100.0,100.0,85.7,92.9,42.9,84.3,82.8
565,565,2020,Austria,AUT,Agriculture & Land Use,50.0,50.0,50.0,50,0,40.0,100.0,100.0,50.0,50.0,50.0,70.0,55.0
566,566,2020,Austria,AUT,Resource use,100.0,100.0,100.0,50,0,87.5,100.0,100.0,100.0,50.0,50.0,80.0,83.3
567,567,2020,Austria,AUT,Energy,100.0,100.0,100.0,0,0,100.0,100.0,100.0,0.0,50.0,50.0,60.0,75.0
568,568,2020,Austria,AUT,Pollution,100.0,50.0,100.0,0,0,62.5,100.0,100.0,50.0,100.0,50.0,80.0,72.2
569,569,2020,Austria,AUT,Built environment,100.0,50.0,50.0,50,0,50.0,100.0,100.0,50.0,100.0,50.0,80.0,65.0
570,570,2020,Austria,AUT,Environment subscore,90.0,70.0,80.0,37.5,0,64.3,100.0,100.0,50.0,70.0,50.0,74.0,69.6
571,571,2020,Austria,AUT,All Categories,83.3,75.0,78.3,23.2,3.5,60.1,96.7,96.7,61.9,79.3,46.0,76.1,68.7
572,572,2020,Belgium,BEL,Population & vital statistics,100.0,100.0,100.0,50,50,80.0,50.0,50.0,50.0,50.0,0.0,40.0,60.0
573,573,2020,Belgium,BEL,Education facilities,0.0,0.0,0.0,0,0,0.0,0.0,0.0,0.0,0.0,0.0,0.0,0.0
574,574,2020,Belgium,BEL,Education outcomes,0.0,0.0,0.0,0,0,0.0,0.0,0.0,0.0,0.0,0.0,0.0,0.0
575,575,2020,Belgium,BEL,Health facilities,0.0,0.0,0.0,0,0,0.0,0.0,0.0,0.0,0.0,0.0,0.0,0.0
576,576,2020,Belgium,BEL,Health outcomes,0.0,0.0,0.0,0,0,0.0,0.0,0.0,0.0,0.0,0.0,0.0,0.0
577,577,2020,Belgium,BEL,Reproductive health,50.0,50.0,50.0,50,50,50.0,100.0,50.0,50.0,50.0,0.0,50.0,50.0
578,578,2020,Belgium,BEL,Food security & nutrition,0.0,0.0,0.0,0,0,0.0,0.0,0.0,0.0,0.0,0.0,0.0,0.0
579,579,2020,Belgium,BEL,Gender statistics,50.0,50.0,50.0,50,0,40.0,100.0,100.0,50.0,50.0,0.0,60.0,50.0
580,580,2020,Belgium,BEL,Crime & justice,0.0,0.0,0.0,0,0,0.0,0.0,0.0,0.0,0.0,0.0,0.0,0.0
581,581,2020,Belgium,BEL,Poverty & income,100.0,100.0,100.0,50,0,70.0,100.0,50.0,50.0,50.0,0.0,50.0,60.0
582,582,2020,Belgium,BEL,Social statistics subscore,30.0,30.0,30.0,20,11.1,24.5,35.0,25.0,20.0,20.0,0.0,20.0,22.2
583,583,2020,Belgium,BEL,National accounts,100.0,100.0,100.0,0,0,75.0,100.0,100.0,100.0,50.0,100.0,90.0,83.3
584,584,2020,Belgium,BEL,Labor,100.0,100.0,50.0,50,50,70.0,100.0,100.0,50.0,50.0,0.0,60.0,65.0
585,585,2020,Belgium,BEL,Price indexes,100.0,100.0,100.0,0,0,75.0,100.0,100.0,100.0,50.0,100.0,90.0,83.3
586,586,2020,Belgium,BEL,Government finance,100.0,100.0,100.0,0,0,75.0,100.0,100.0,100.0,50.0,100.0,90.0,83.3
587,587,2020,Belgium,BEL,Money & banking,100.0,100.0,100.0,0,0,100.0,100.0,100.0,100.0,50.0,100.0,90.0,93.8
588,588,2020,Belgium,BEL,International trade,100.0,100.0,100.0,0,0,100.0,100.0,100.0,100.0,50.0,100.0,90.0,93.8
589,589,2020,Belgium,BEL,Balance of payments,100.0,100.0,100.0,0,0,100.0,100.0,100.0,100.0,50.0,100.0,90.0,93.8
590,590,2020,Belgium,BEL,Economic & financial statistics subscore,100.0,100.0,92.9,12.5,50,82.7,100.0,100.0,92.9,50.0,85.7,85.7,84.4
591,591,2020,Belgium,BEL,Agriculture & Land Use,50.0,50.0,50.0,50,50,50.0,100.0,100.0,50.0,50.0,0.0,60.0,55.0
592,592,2020,Belgium,BEL,Resource use,50.0,50.0,50.0,0,0,37.5,100.0,50.0,50.0,50.0,0.0,50.0,44.4
593,593,2020,Belgium,BEL,Energy,100.0,100.0,100.0,0,0,100.0,100.0,100.0,50.0,50.0,0.0,60.0,75.0
594,594,2020,Belgium,BEL,Pollution,0.0,0.0,0.0,0,0,0.0,0.0,0.0,0.0,0.0,0.0,0.0,0.0
595,595,2020,Belgium,BEL,Built environment,0.0,0.0,0.0,0,0,0.0,0.0,0.0,0.0,0.0,0.0,0.0,0.0
596,596,2020,Belgium,BEL,Environment subscore,40.0,40.0,40.0,12.5,25,33.3,60.0,50.0,30.0,30.0,0.0,34.0,33.7
597,597,2020,Belgium,BEL,All Categories,56.7,56.7,54.3,15.7,18.8,44.3,65.0,58.3,47.6,33.3,28.6,46.6,45.5
598,598,2020,France,FRA,Population & vital statistics,100.0,100.0,100.0,50,50,80.0,100.0,50.0,50.0,100.0,100.0,80.0,80.0
599,599,2020,France,FRA,Education facilities,100.0,50.0,50.0,50,50,60.0,100.0,50.0,0.0,100.0,100.0,70.0,65.0
600,600,2020,France,FRA,Education outcomes,100.0,50.0,50.0,0,0,40.0,50.0,50.0,50.0,50.0,50.0,50.0,45.0
601,601,2020,France,FRA,Health facilities,100.0,50.0,50.0,50,50,60.0,50.0,50.0,50.0,100.0,100.0,70.0,65.0
602,602,2020,France,FRA,Health outcomes,50.0,50.0,50.0,50,0,40.0,50.0,100.0,50.0,100.0,100.0,80.0,60.0
603,603,2020,France,FRA,Reproductive health,100.0,50.0,50.0,50,50,60.0,50.0,50.0,50.0,100.0,100.0,70.0,65.0
604,604,2020,France,FRA,Food security & nutrition,50.0,0.0,0.0,0,0,12.5,100.0,0.0,50.0,50.0,100.0,60.0,38.9
605,605,2020,France,FRA,Gender statistics,100.0,100.0,100.0,50,0,70.0,50.0,50.0,50.0,100.0,100.0,70.0,70.0
606,606,2020,France,FRA,Crime & justice,100.0,50.0,50.0,0,0,40.0,50.0,100.0,0.0,50.0,50.0,50.0,45.0
607,607,2020,France,FRA,Poverty & income,100.0,100.0,100.0,50,50,80.0,100.0,50.0,50.0,100.0,100.0,80.0,80.0
608,608,2020,France,FRA,Social statistics subscore,90.0,60.0,60.0,35,27.8,55.1,70.0,55.0,40.0,85.0,90.0,68.0,61.6
609,609,2020,France,FRA,National accounts,100.0,100.0,100.0,0,0,75.0,100.0,0.0,50.0,100.0,100.0,70.0,72.2
610,610,2020,France,FRA,Labor,100.0,100.0,100.0,50,50,80.0,50.0,50.0,50.0,100.0,100.0,70.0,75.0
611,611,2020,France,FRA,Price indexes,100.0,100.0,100.0,0,0,75.0,100.0,100.0,100.0,100.0,100.0,100.0,88.9
612,612,2020,France,FRA,Government finance,100.0,100.0,100.0,0,0,75.0,100.0,0.0,50.0,100.0,100.0,70.0,72.2
613,613,2020,France,FRA,Money & banking,50.0,50.0,50.0,0,0,50.0,100.0,100.0,50.0,50.0,100.0,80.0,68.8
614,614,2020,France,FRA,International trade,50.0,50.0,50.0,0,0,50.0,100.0,100.0,100.0,50.0,100.0,90.0,75.0
615,615,2020,France,FRA,Balance of payments,100.0,100.0,100.0,0,0,100.0,100.0,100.0,100.0,100.0,100.0,100.0,100.0
616,616,2020,France,FRA,Economic & financial statistics subscore,85.7,85.7,85.7,12.5,50,73.1,92.9,64.3,71.4,85.7,100.0,82.9,78.7
617,617,2020,France,FRA,Agriculture & Land Use,50.0,50.0,50.0,0,0,30.0,50.0,100.0,0.0,50.0,100.0,60.0,45.0
618,618,2020,France,FRA,Resource use,100.0,50.0,50.0,0,0,50.0,100.0,50.0,50.0,50.0,50.0,60.0,55.6
619,619,2020,France,FRA,Energy,100.0,100.0,100.0,0,0,100.0,50.0,100.0,50.0,50.0,100.0,70.0,81.3
620,620,2020,France,FRA,Pollution,100.0,100.0,100.0,0,0,75.0,50.0,50.0,50.0,50.0,50.0,50.0,61.1
621,621,2020,France,FRA,Built environment,0.0,0.0,0.0,0,0,0.0,0.0,0.0,0.0,0.0,0.0,0.0,0.0
622,622,2020,France,FRA,Environment subscore,70.0,60.0,60.0,0,0,45.2,50.0,60.0,30.0,40.0,60.0,48.0,46.7
623,623,2020,France,FRA,All Categories,81.9,68.6,68.6,17.8,22.3,57.1,71.0,59.8,47.1,70.2,83.3,66.3,62.0
624,624,2020,Germany,DEU,Population & vital statistics,100.0,100.0,100.0,100,50,90.0,100.0,100.0,100.0,50.0,100.0,90.0,90.0
625,625,2020,Germany,DEU,Education facilities,50.0,50.0,50.0,50,50,50.0,100.0,100.0,50.0,50.0,100.0,80.0,65.0
626,626,2020,Germany,DEU,Education outcomes,50.0,50.0,50.0,50,0,40.0,100.0,100.0,50.0,50.0,100.0,80.0,60.0
627,627,2020,Germany,DEU,Health facilities,100.0,100.0,100.0,50,100,90.0,100.0,100.0,50.0,50.0,100.0,80.0,85.0
628,628,2020,Germany,DEU,Health outcomes,50.0,50.0,50.0,50,0,40.0,100.0,100.0,50.0,50.0,100.0,80.0,60.0
629,629,2020,Germany,DEU,Reproductive health,50.0,50.0,50.0,50,0,40.0,100.0,100.0,100.0,50.0,100.0,90.0,65.0
630,630,2020,Germany,DEU,Food security & nutrition,50.0,50.0,0.0,0,0,25.0,100.0,100.0,100.0,50.0,100.0,90.0,61.1
631,631,2020,Germany,DEU,Gender statistics,50.0,50.0,50.0,0,0,30.0,100.0,100.0,100.0,50.0,100.0,90.0,60.0
632,632,2020,Germany,DEU,Crime & justice,50.0,50.0,50.0,50,0,40.0,100.0,100.0,100.0,50.0,100.0,90.0,65.0
633,633,2020,Germany,DEU,Poverty & income,100.0,100.0,100.0,0,0,60.0,100.0,100.0,50.0,50.0,100.0,80.0,70.0
634,634,2020,Germany,DEU,Social statistics subscore,65.0,65.0,60.0,40,22.2,51.0,100.0,100.0,75.0,50.0,100.0,85.0,68.2
635,635,2020,Germany,DEU,National accounts,100.0,100.0,100.0,50,0,87.5,100.0,100.0,100.0,50.0,100.0,90.0,88.9
636,636,2020,Germany,DEU,Labor,100.0,100.0,100.0,100,0,80.0,100.0,100.0,100.0,50.0,100.0,90.0,85.0
637,637,2020,Germany,DEU,Price indexes,100.0,100.0,100.0,50,0,87.5,100.0,100.0,100.0,50.0,100.0,90.0,88.9
638,638,2020,Germany,DEU,Government finance,100.0,100.0,100.0,0,0,75.0,100.0,100.0,100.0,50.0,100.0,90.0,83.3
639,639,2020,Germany,DEU,Money & banking,100.0,100.0,100.0,0,0,100.0,100.0,100.0,0.0,100.0,50.0,70.0,81.3
640,640,2020,Germany,DEU,International trade,100.0,100.0,100.0,0,0,100.0,100.0,100.0,100.0,50.0,100.0,90.0,93.8
641,641,2020,Germany,DEU,Balance of payments,100.0,100.0,100.0,0,0,100.0,100.0,100.0,100.0,50.0,100.0,90.0,93.8
642,642,2020,Germany,DEU,Economic & financial statistics subscore,100.0,100.0,100.0,50,0,88.5,100.0,100.0,85.7,57.1,92.9,87.1,87.7
643,643,2020,Germany,DEU,Agriculture & Land Use,50.0,50.0,50.0,50,0,40.0,100.0,100.0,50.0,50.0,100.0,80.0,60.0
644,644,2020,Germany,DEU,Resource use,100.0,100.0,100.0,50,0,87.5,100.0,100.0,100.0,50.0,100.0,90.0,88.9
645,645,2020,Germany,DEU,Energy,100.0,100.0,100.0,0,0,100.0,100.0,100.0,100.0,50.0,100.0,90.0,93.8
646,646,2020,Germany,DEU,Pollution,100.0,100.0,100.0,0,0,75.0,100.0,100.0,100.0,50.0,100.0,90.0,83.3
647,647,2020,Germany,DEU,Built environment,100.0,50.0,50.0,50,0,50.0,100.0,100.0,50.0,50.0,100.0,80.0,65.0
648,648,2020,Germany,DEU,Environment subscore,90.0,80.0,80.0,37.5,0,66.7,100.0,100.0,80.0,50.0,100.0,86.0,77.2
649,649,2020,Germany,DEU,All Categories,85.0,81.7,80.0,41.6,13.9,67.0,100.0,100.0,80.2,52.4,97.6,86.0,77.3
650,650,2020,Netherlands,NLD,Population & vital statistics,100.0,100.0,100.0,100,100,100.0,100.0,100.0,100.0,100.0,100.0,100.0,100.0
651,651,2020,Netherlands,NLD,Education facilities,50.0,50.0,50.0,0,0,30.0,100.0,100.0,100.0,100.0,100.0,100.0,65.0
652,652,2020,Netherlands,NLD,Education outcomes,100.0,100.0,100.0,50,50,80.0,100.0,100.0,50.0,100.0,100.0,90.0,85.0
653,653,2020,Netherlands,NLD,Health facilities,100.0,100.0,100.0,0,0,60.0,100.0,100.0,50.0,100.0,100.0,90.0,75.0
654,654,2020,Netherlands,NLD,Health outcomes,100.0,100.0,100.0,0,0,60.0,100.0,100.0,50.0,100.0,100.0,90.0,75.0
655,655,2020,Netherlands,NLD,Reproductive health,50.0,50.0,50.0,50,50,50.0,100.0,100.0,100.0,100.0,100.0,100.0,75.0
656,656,2020,Netherlands,NLD,Food security & nutrition,50.0,50.0,50.0,0,0,37.5,100.0,100.0,50.0,100.0,100.0,90.0,66.7
657,657,2020,Netherlands,NLD,Gender statistics,100.0,100.0,100.0,50,50,80.0,100.0,100.0,100.0,100.0,100.0,100.0,90.0
658,658,2020,Netherlands,NLD,Crime & justice,100.0,100.0,100.0,50,50,80.0,100.0,100.0,100.0,100.0,100.0,100.0,90.0
659,659,2020,Netherlands,NLD,Poverty & income,100.0,100.0,100.0,50,50,80.0,100.0,100.0,100.0,100.0,100.0,100.0,90.0
660,660,2020,Netherlands,NLD,Social statistics subscore,85.0,85.0,85.0,35,38.9,66.3,100.0,100.0,80.0,100.0,100.0,96.0,81.3
661,661,2020,Netherlands,NLD,National accounts,100.0,100.0,100.0,0,0,75.0,100.0,100.0,100.0,100.0,100.0,100.0,88.9
662,662,2020,Netherlands,NLD,Labor,100.0,100.0,100.0,100,100,100.0,100.0,100.0,100.0,100.0,100.0,100.0,100.0
663,663,2020,Netherlands,NLD,Price indexes,100.0,100.0,100.0,0,0,75.0,100.0,100.0,100.0,100.0,100.0,100.0,88.9
664,664,2020,Netherlands,NLD,Government finance,100.0,100.0,100.0,100,0,100.0,100.0,100.0,100.0,100.0,100.0,100.0,100.0
665,665,2020,Netherlands,NLD,Money & banking,50.0,50.0,50.0,0,0,50.0,100.0,100.0,100.0,100.0,100.0,100.0,81.3
666,666,2020,Netherlands,NLD,International trade,100.0,100.0,100.0,0,0,100.0,100.0,100.0,100.0,100.0,100.0,100.0,100.0
667,667,2020,Netherlands,NLD,Balance of payments,100.0,100.0,100.0,0,0,100.0,100.0,100.0,100.0,100.0,100.0,100.0,100.0
668,668,2020,Netherlands,NLD,Economic & financial statistics subscore,92.9,92.9,92.9,50,100,86.5,100.0,100.0,100.0,100.0,100.0,100.0,94.3
669,669,2020,Netherlands,NLD,Agriculture & Land Use,100.0,50.0,100.0,50,50,70.0,100.0,100.0,50.0,100.0,100.0,90.0,80.0
670,670,2020,Netherlands,NLD,Resource use,100.0,100.0,100.0,0,0,75.0,100.0,100.0,100.0,100.0,100.0,100.0,88.9
671,671,2020,Netherlands,NLD,Energy,100.0,100.0,100.0,0,0,100.0,100.0,100.0,100.0,100.0,100.0,100.0,100.0
672,672,2020,Netherlands,NLD,Pollution,100.0,100.0,100.0,0,0,75.0,100.0,100.0,100.0,100.0,100.0,100.0,88.9
673,673,2020,Netherlands,NLD,Built environment,0.0,0.0,0.0,0,0,0.0,0.0,0.0,0.0,0.0,0.0,0.0,0.0
674,674,2020,Netherlands,NLD,Environment subscore,80.0,70.0,80.0,12.5,25,59.5,80.0,80.0,70.0,80.0,80.0,78.0,69.6
675,675,2020,Netherlands,NLD,All Categories,86.0,82.6,86.0,31,41.1,70.0,93.3,93.3,83.3,93.3,93.3,91.3,81.5
676,676,2020,Luxembourg,LUX,Population & vital statistics,100.0,100.0,100.0,50,50,80.0,100.0,100.0,100.0,100.0,100.0,100.0,90.0
677,677,2020,Luxembourg,LUX,Education facilities,50.0,50.0,50.0,0,0,30.0,100.0,100.0,100.0,50.0,100.0,90.0,60.0
678,678,2020,Luxembourg,LUX,Education outcomes,50.0,50.0,50.0,0,0,30.0,100.0,100.0,50.0,50.0,100.0,80.0,55.0
679,679,2020,Luxembourg,LUX,Health facilities,50.0,50.0,50.0,0,0,30.0,100.0,100.0,50.0,50.0,100.0,80.0,55.0
680,680,2020,Luxembourg,LUX,Health outcomes,50.0,50.0,50.0,0,0,30.0,100.0,100.0,100.0,50.0,100.0,90.0,60.0
681,681,2020,Luxembourg,LUX,Reproductive health,0.0,0.0,0.0,0,0,0.0,0.0,0.0,0.0,0.0,0.0,0.0,0.0
682,682,2020,Luxembourg,LUX,Food security & nutrition,50.0,0.0,0.0,0,0,12.5,0.0,100.0,50.0,50.0,100.0,60.0,38.9
683,683,2020,Luxembourg,LUX,Gender statistics,50.0,50.0,50.0,0,0,30.0,100.0,100.0,100.0,100.0,100.0,100.0,65.0
684,684,2020,Luxembourg,LUX,Crime & justice,50.0,50.0,50.0,0,0,30.0,100.0,100.0,100.0,50.0,100.0,90.0,60.0
685,685,2020,Luxembourg,LUX,Poverty & income,100.0,100.0,100.0,0,0,60.0,0.0,100.0,100.0,100.0,100.0,80.0,70.0
686,686,2020,Luxembourg,LUX,Social statistics subscore,55.0,50.0,50.0,5,5.6,33.7,70.0,90.0,75.0,60.0,90.0,77.0,55.6
687,687,2020,Luxembourg,LUX,National accounts,100.0,100.0,100.0,0,0,75.0,100.0,100.0,100.0,100.0,100.0,100.0,88.9
688,688,2020,Luxembourg,LUX,Labor,50.0,50.0,50.0,0,0,30.0,100.0,100.0,100.0,50.0,100.0,90.0,60.0
689,689,2020,Luxembourg,LUX,Price indexes,100.0,50.0,50.0,0,0,50.0,100.0,100.0,100.0,100.0,100.0,100.0,77.8
690,690,2020,Luxembourg,LUX,Government finance,100.0,100.0,100.0,0,0,75.0,100.0,100.0,100.0,100.0,100.0,100.0,88.9
691,691,2020,Luxembourg,LUX,Money & banking,50.0,50.0,50.0,0,0,50.0,100.0,100.0,50.0,50.0,100.0,80.0,68.8
692,692,2020,Luxembourg,LUX,International trade,50.0,50.0,50.0,0,0,50.0,100.0,100.0,100.0,100.0,100.0,100.0,81.3
693,693,2020,Luxembourg,LUX,Balance of payments,100.0,100.0,100.0,0,0,100.0,100.0,100.0,100.0,100.0,100.0,100.0,100.0
694,694,2020,Luxembourg,LUX,Economic & financial statistics subscore,78.6,71.4,71.4,0,0,59.6,100.0,100.0,92.9,85.7,100.0,95.7,80.3
695,695,2020,Luxembourg,LUX,Agriculture & Land Use,50.0,50.0,50.0,50,50,50.0,100.0,100.0,50.0,50.0,100.0,80.0,65.0
696,696,2020,Luxembourg,LUX,Resource use,50.0,50.0,50.0,50,0,50.0,100.0,100.0,100.0,50.0,100.0,90.0,72.2
697,697,2020,Luxembourg,LUX,Energy,100.0,100.0,100.0,0,0,100.0,100.0,100.0,100.0,50.0,100.0,90.0,93.8
698,698,2020,Luxembourg,LUX,Pollution,100.0,100.0,100.0,0,0,75.0,100.0,100.0,100.0,50.0,100.0,90.0,83.3
699,699,2020,Luxembourg,LUX,Built environment,0.0,0.0,0.0,0,0,0.0,0.0,0.0,0.0,0.0,0.0,0.0,0.0
700,700,2020,Luxembourg,LUX,Environment subscore,60.0,60.0,60.0,25,25,50.0,80.0,80.0,70.0,40.0,80.0,70.0,60.9
701,701,2020,Luxembourg,LUX,All Categories,64.5,60.5,60.5,10.5,10.4,46.5,83.3,90.0,79.3,61.9,90.0,80.9,65.1
